SalePrice,GrLivArea,OverallQual,SaleCondition,BldgType,YearBuilt,GarageCars,LotArea,HeatingQC,KitchenQual,MiscVal,YearRemodAdd,YrSold,RoofStyle,SaleType
208500,1710,7,1,1,2003,2,8450,5,4,0,2003,2008,2,1
181500,1262,6,1,1,1976,2,9600,5,3,0,1976,2007,2,1
223500,1786,7,1,1,2001,2,11250,5,4,0,2002,2008,2,1
140000,1717,7,2,1,1915,3,9550,4,4,0,1970,2006,2,1
250000,2198,8,1,1,2000,3,14260,5,4,0,2000,2008,2,1
143000,1362,5,1,1,1993,2,14115,5,3,700,1995,2009,2,1
307000,1694,8,1,1,2004,2,10084,5,4,0,2005,2007,2,1
200000,2090,7,1,1,1973,2,10382,5,3,350,1973,2009,2,1
129900,1774,7,2,1,1931,2,6120,4,3,0,1950,2008,2,1
118000,1077,5,1,2,1939,1,7420,5,3,0,1950,2008,2,1
129500,1040,5,1,1,1965,1,11200,5,3,0,1965,2008,4,1
345000,2324,9,6,1,2005,3,11924,5,5,0,2006,2006,4,4
144000,912,5,1,1,1962,1,12968,3,3,0,1962,2008,4,1
279500,1494,7,6,1,2006,3,10652,5,4,0,2007,2007,2,4
157000,1253,6,1,1,1960,1,10920,3,3,0,1960,2008,4,1
132000,854,7,1,1,1929,2,6120,5,3,0,2001,2007,2,1
149000,1004,6,1,1,1970,2,11241,5,3,700,1970,2010,2,1
90000,1296,4,1,3,1967,2,10791,3,3,500,1967,2006,2,1
159000,1114,5,1,1,2004,2,13695,5,4,0,2004,2008,2,1
139000,1339,5,2,1,1958,1,7560,3,3,0,1965,2009,4,5
325300,2376,8,6,1,2005,3,14215,5,4,0,2006,2006,2,4
139400,1108,7,1,1,1930,1,7449,5,4,0,1950,2007,2,1
230000,1795,8,1,1,2002,2,9742,5,4,0,2002,2008,4,1
129900,1060,5,1,4,1976,2,4224,3,3,0,1976,2007,2,1
154000,1060,5,1,1,1968,1,8246,5,4,0,2001,2010,2,1
256300,1600,8,1,1,2007,3,14230,5,4,0,2007,2009,2,1
134800,900,5,1,1,1951,2,7200,3,4,0,2000,2010,2,1
306000,1704,8,1,1,2007,3,11478,5,4,0,2008,2010,2,1
207500,1600,5,1,1,1957,1,16321,3,3,0,1997,2006,2,1
68500,520,4,1,1,1927,1,6324,2,2,0,1950,2008,2,1
40000,1317,4,1,1,1920,1,8500,3,3,0,1950,2008,3,1
149350,1228,5,1,1,1966,1,8544,4,4,0,2006,2008,2,1
179900,1234,8,1,1,2007,2,11049,5,4,0,2007,2008,2,1
165500,1700,5,1,1,1959,2,10552,4,4,0,1959,2010,4,1
277500,1561,9,1,4,2005,2,7313,5,5,0,2005,2007,4,1
309000,2452,8,1,1,2004,3,13418,5,4,0,2005,2006,2,1
145000,1097,5,1,1,1994,2,10859,5,3,0,1995,2009,2,1
153000,1297,5,1,1,1954,2,8532,4,3,0,1990,2009,4,1
109000,1057,5,2,1,1953,1,7922,3,4,0,2007,2010,2,1
82000,1152,4,3,3,1955,0,6040,3,2,0,1955,2008,2,1
160000,1324,6,2,1,1965,2,8658,5,3,0,1965,2006,2,1
170000,1328,5,1,1,1959,1,16905,4,3,0,1959,2007,2,1
144000,884,5,1,1,1983,2,9180,4,4,0,1983,2007,2,1
130250,938,5,1,1,1975,1,9200,3,3,0,1980,2008,4,1
141000,1150,5,1,1,1959,1,7945,5,3,0,1959,2006,2,1
319900,1752,9,1,4,2005,2,7658,5,5,0,2005,2010,4,1
239686,2149,7,2,1,2003,2,12822,5,4,0,2003,2009,2,1
249700,1656,8,1,1,2006,3,11096,5,4,0,2006,2007,2,1
113000,1452,4,6,2,1920,0,4456,4,3,0,2008,2009,2,4
127000,955,5,1,1,1966,1,7742,5,3,0,1966,2007,2,1
177000,1470,6,1,1,1997,2,13869,4,3,0,1997,2007,2,1
114500,1176,6,1,1,1934,2,6240,3,3,400,1950,2006,2,1
110000,816,5,1,3,1963,2,8472,3,3,0,1963,2010,2,1
385000,1842,9,1,1,1981,3,50271,4,4,0,1987,2006,2,1
130000,1360,5,1,1,1955,2,7134,3,3,0,1955,2007,2,1
180500,1425,6,1,1,1964,2,10175,4,3,0,1964,2008,2,1
172500,1739,8,2,5,1999,2,2645,5,4,0,2000,2009,2,1
196500,1720,7,1,1,2004,2,11645,5,4,0,2004,2006,2,1
438780,2945,10,6,1,2006,3,13682,5,4,0,2006,2006,4,4
124900,780,5,1,1,1972,1,7200,5,3,0,1972,2008,2,1
158000,1158,6,6,1,2004,2,13072,5,4,0,2004,2006,2,4
101000,1111,5,1,1,1920,1,7200,3,2,0,1996,2007,2,1
202500,1370,8,1,4,2006,2,6442,5,4,0,2006,2007,2,1
140000,1710,7,1,1,1921,2,10300,4,3,0,1950,2010,2,1
219500,2034,7,1,1,1997,2,9375,5,4,0,1998,2009,2,1
317000,2473,8,1,1,2004,3,9591,5,4,0,2005,2007,2,1
180000,2207,7,1,1,1970,2,19900,3,3,0,1989,2010,2,1
226000,1479,7,1,1,2003,2,10665,5,4,0,2003,2007,2,1
80000,747,4,1,1,1945,1,4608,3,3,0,1950,2010,2,1
225000,2287,7,1,1,1953,2,15593,3,3,0,1953,2006,2,1
244000,2223,7,1,1,1973,2,13651,5,3,0,1973,2007,2,1
129500,845,4,1,1,1982,2,7599,3,3,0,2006,2007,2,1
185000,1718,7,1,1,1998,2,10141,4,3,0,1998,2009,2,1
144900,1086,5,1,1,1954,2,10200,4,3,0,2003,2010,2,1
107400,1605,3,1,1,1915,1,5790,4,3,0,1950,2010,3,1
91000,988,4,1,5,1973,1,1596,3,3,0,1973,2009,2,1
135750,952,4,1,1,1956,1,8475,5,3,0,1956,2008,2,1
127000,1285,5,1,1,1948,1,8635,3,3,0,2001,2008,2,1
136500,1768,4,1,3,1968,0,10778,3,3,0,1968,2010,4,1
110000,1230,5,1,1,1910,2,10440,4,3,0,1981,2009,2,1
193500,2142,6,1,1,1968,1,13000,3,4,0,1968,2009,2,1
153500,1337,6,1,4,1998,2,4500,5,3,0,1998,2006,4,1
245000,1563,8,1,1,2007,3,10206,5,4,0,2007,2008,2,1
126500,1065,5,1,1,1960,2,8892,4,3,0,1960,2007,2,5
168500,1474,7,1,1,1995,2,8530,4,3,700,1996,2009,2,1
260000,2417,8,1,1,1991,2,16059,5,4,0,1992,2006,4,1
174000,1560,6,1,1,2005,2,11911,5,4,0,2005,2009,2,1
164500,1224,6,6,4,2009,2,3951,5,4,0,2009,2009,2,4
85000,1526,3,2,1,1915,0,8470,3,2,0,1982,2009,4,9
123600,990,4,1,1,1994,0,8070,5,3,0,1995,2007,2,1
109900,1040,4,1,1,1950,2,7200,3,3,0,1950,2006,2,1
98600,1235,5,2,1,1961,2,8500,3,3,0,1961,2006,4,1
163500,964,5,1,1,1921,2,13360,5,3,0,2006,2009,2,1
133900,2291,6,1,2,1910,2,7200,5,3,0,1998,2007,4,1
204750,1786,6,1,1,1997,2,9337,5,4,0,1997,2007,2,1
185000,1470,6,1,1,1993,2,9765,4,3,480,1993,2009,2,1
214000,1588,7,1,1,1999,2,10264,5,4,0,1999,2006,2,1
94750,960,4,1,1,1965,1,10921,3,3,0,1965,2007,4,1
83000,835,5,2,1,1920,1,10625,2,3,400,1950,2010,2,5
128950,1225,4,1,1,1959,0,9320,2,3,400,1959,2010,2,1
205000,1610,6,1,1,1977,2,10603,4,4,0,2001,2010,2,1
178000,1732,6,1,1,1985,2,9206,3,4,0,1985,2010,2,1
118964,1535,5,4,3,1979,2,7018,3,3,0,1979,2009,2,1
198900,1226,7,1,1,2009,3,10402,5,4,0,2009,2010,2,1
169500,1818,7,1,1,1931,1,7758,5,3,0,1950,2007,2,1
250000,1992,8,1,1,2003,2,9375,5,4,0,2004,2008,4,1
100000,1047,4,1,1,1885,1,10800,4,3,450,1995,2007,5,1
115000,789,5,6,1,1948,1,6000,5,3,0,1950,2008,2,1
115000,1517,5,1,1,1919,0,8500,3,2,0,2005,2007,2,1
190000,1844,6,1,1,1977,2,11751,5,3,0,1977,2010,4,5
136900,1855,6,1,1,1954,1,9525,4,3,0,1972,2006,2,1
180000,1430,7,1,1,2000,2,7750,5,3,0,2000,2010,2,1
383970,2696,7,6,1,2007,3,9965,5,5,0,2007,2007,2,4
217000,2259,6,2,1,1953,2,21000,3,4,0,1953,2007,4,5
259500,2320,6,1,1,1945,1,7259,5,4,0,2002,2007,3,1
176000,1458,6,1,4,1999,2,3230,4,3,0,1999,2007,2,1
139000,1092,5,1,1,1962,1,11616,3,3,0,1962,2009,2,1
155000,1125,5,6,1,2006,2,8536,4,3,0,2007,2007,2,4
320000,3222,7,1,1,1990,3,12376,4,4,0,1990,2010,4,1
163990,1456,6,6,1,2005,2,8461,5,4,0,2006,2006,2,4
180000,988,6,1,1,1969,2,21453,5,3,0,1969,2006,1,1
100000,1123,4,1,1,1939,1,6060,4,3,0,1950,2007,2,1
136000,1080,6,1,1,1958,1,9464,4,3,0,1958,2008,4,1
153900,1199,6,1,4,1993,2,7892,5,4,0,1993,2008,2,1
181000,1586,6,1,1,1979,2,17043,3,3,0,1998,2009,2,1
84500,754,6,1,2,1935,0,6780,4,3,0,1982,2006,2,1
128000,958,6,1,4,1976,2,4928,3,3,0,1976,2007,2,1
87000,840,5,1,1,1930,0,4388,5,3,0,1950,2007,2,1
155000,1348,6,1,1,1966,2,7590,3,3,0,1966,2006,2,1
150000,1053,5,2,1,1958,2,8973,3,5,0,1991,2006,2,1
226000,2157,7,1,1,1966,2,14200,5,4,0,1966,2006,2,1
244000,2054,6,1,1,2000,2,12224,5,4,0,2000,2009,2,1
150750,1327,5,1,1,1959,2,7388,4,4,0,2002,2007,2,1
220000,1296,8,1,1,2001,2,6853,5,4,0,2002,2009,2,1
180000,1721,5,1,1,1968,2,10335,4,3,0,1993,2006,2,1
174000,1682,7,1,1,1970,2,10400,4,3,0,1970,2008,4,1
143000,1214,5,1,1,1967,1,10355,3,3,0,1967,2007,2,1
171000,1959,7,5,3,1988,3,11070,4,3,0,1989,2006,2,1
230000,1852,8,1,1,1999,3,9066,5,4,0,2000,2008,2,1
231500,1764,6,1,1,1997,2,15426,5,4,0,1997,2009,2,1
115000,864,4,1,1,1971,0,10500,3,3,0,1971,2010,2,8
260000,1734,7,1,1,2005,2,11645,5,4,0,2005,2006,2,1
166000,1385,5,1,1,1952,2,8520,2,3,0,1952,2010,2,1
204000,1501,7,1,1,1999,2,10335,5,4,0,1999,2009,2,1
125000,1728,5,2,3,1963,2,9100,3,3,0,1963,2006,2,8
130000,1709,6,1,5,2004,2,2522,5,4,0,2006,2006,2,1
105000,875,5,1,1,1931,1,6120,3,3,0,1993,2009,2,1
222500,2035,7,1,1,2001,2,9505,5,4,0,2001,2010,2,1
141000,1080,7,1,1,2004,0,7500,5,4,0,2005,2008,2,1
115000,1344,5,1,1,1936,1,6240,4,3,0,1950,2006,2,1
122000,969,5,1,1,1975,2,10356,3,3,0,1975,2007,2,1
372402,1710,8,6,1,2007,3,13891,5,4,0,2008,2008,4,4
190000,1993,6,1,1,1971,2,14803,4,3,0,1971,2006,2,1
235000,1252,6,1,1,1960,2,13500,4,3,0,1975,2008,1,1
125000,1200,6,5,1,1923,1,11340,3,3,0,1950,2006,2,1
79000,1096,6,1,1,1924,0,9600,2,3,0,1950,2008,2,1
109500,1040,5,1,1,1950,2,7200,3,3,0,1950,2006,4,1
269500,1968,8,6,1,2009,3,12003,5,5,0,2010,2010,2,4
254900,1947,7,1,1,2004,2,12552,5,4,0,2005,2010,2,1
320000,2462,7,6,1,2005,2,19378,5,4,0,2006,2006,2,4
162500,1232,6,1,1,1984,2,11120,3,3,0,1984,2008,2,1
412500,2668,9,1,1,2003,3,13688,5,5,0,2004,2008,2,1
220000,1541,7,6,1,2005,2,12182,5,4,0,2005,2010,2,4
103200,882,4,1,1,1956,0,5500,5,3,0,1956,2007,2,1
152000,1616,6,1,1,1926,1,5400,4,4,0,2004,2007,2,1
127500,1355,5,1,2,1940,0,10106,4,3,0,1999,2008,2,1
190000,1867,5,1,1,1955,1,10708,5,3,0,1993,2009,4,5
325624,2161,8,6,1,2007,3,10562,5,5,0,2007,2007,2,4
183500,1720,7,1,1,2004,2,8244,5,4,0,2004,2007,2,1
228000,1707,8,1,1,1981,2,16669,3,3,0,1981,2006,4,1
128500,1382,5,1,1,1941,2,12358,3,3,0,1950,2007,2,1
215000,1656,6,1,1,1960,2,31770,2,3,0,1960,2010,4,1
239000,1767,7,1,4,1987,2,5306,4,4,0,1987,2006,2,1
163000,1362,6,1,1,1961,2,10197,3,3,0,1961,2008,2,5
184000,1651,6,1,1,1986,2,12416,3,3,0,1986,2008,2,1
243000,2158,6,1,1,1950,2,12615,3,4,0,2001,2007,2,1
211000,2060,6,1,1,1988,2,10029,3,3,0,1989,2007,2,1
172500,1920,5,1,1,1958,2,13650,5,4,0,1958,2006,2,1
501837,2234,9,6,1,2008,3,17423,5,5,0,2009,2009,4,4
100000,968,5,1,1,1923,2,8520,3,3,0,2006,2007,2,1
177000,1525,6,1,5,2000,2,2117,5,4,0,2000,2007,2,1
200100,1802,7,1,1,1920,1,7588,4,3,0,1950,2006,2,1
120000,1340,5,1,1,1957,1,9060,5,3,0,2006,2007,4,1
200000,2082,7,1,1,2003,2,11426,5,4,0,2003,2008,2,1
127000,1252,5,1,1,1908,2,7438,4,3,0,1991,2006,2,1
475000,3608,10,1,1,1892,3,22950,5,5,0,1993,2006,2,1
173000,1217,7,1,1,1990,2,9947,5,4,0,1991,2009,2,1
135000,1656,5,1,1,1916,1,10410,5,3,0,1987,2009,2,1
153337,1224,5,4,3,1979,2,7018,3,3,0,1979,2009,2,1
286000,1593,8,1,4,2001,2,4923,5,5,0,2002,2008,2,1
315000,2727,8,1,1,1932,2,10570,3,4,0,1994,2007,4,1
184000,1479,7,1,1,1972,2,7472,4,4,0,2004,2007,2,1
192000,1431,7,1,1,1999,2,9017,5,4,0,1999,2009,2,1
130000,1709,7,1,5,2004,2,2522,5,4,0,2004,2006,2,1
127000,864,5,1,1,1972,1,7180,3,3,0,1972,2008,4,1
148500,1456,6,1,5,1976,2,2280,3,3,0,1976,2009,2,1
311872,1726,7,6,1,2007,3,9416,5,5,0,2007,2007,4,4
235000,3112,8,2,1,1918,2,25419,4,4,0,1990,2006,2,1
104000,2229,6,2,1,1912,0,5520,5,3,0,1950,2009,2,1
274900,1713,8,1,1,2004,3,9591,5,5,0,2005,2009,4,1
140000,1121,4,1,1,2003,2,8546,5,3,0,2004,2010,2,1
171500,1279,6,1,1,1977,2,10125,3,3,0,1977,2008,2,1
112000,1310,6,1,1,1924,1,7000,4,3,0,1950,2006,2,5
149000,848,6,1,4,2004,2,4438,5,4,0,2004,2008,2,1
110000,1284,5,1,1,1947,1,3500,3,3,0,1950,2009,2,1
180500,1442,7,1,1,1990,2,11851,5,3,0,1990,2009,2,1
143900,1696,5,1,1,1962,1,13673,3,3,0,1962,2007,2,1
141000,1100,4,1,1,1960,1,12493,3,3,0,1960,2008,2,1
277000,2062,7,1,1,1988,2,14364,5,3,0,1989,2007,2,1
145000,1092,6,1,1,1964,2,8250,5,3,0,1964,2008,4,1
98000,864,5,1,1,1925,0,5604,3,3,0,1950,2008,2,1
186000,1212,6,1,1,2009,2,10420,5,4,0,2009,2010,2,1
252678,1852,7,6,1,2009,2,8640,5,4,0,2009,2009,2,4
156000,990,5,1,1,1995,2,13568,5,3,0,1995,2006,2,1
161750,1392,6,1,1,1977,1,10900,5,3,450,1977,2010,2,1
134450,1236,5,1,1,1957,1,10011,3,4,0,1996,2006,2,1
210000,1436,7,1,1,2004,2,8450,5,4,0,2004,2008,2,1
107000,1328,4,5,1,1925,1,9906,2,3,0,1950,2006,2,1
311500,1954,7,1,1,1939,2,15660,5,4,0,2006,2008,2,1
167240,1248,7,6,4,2005,2,3010,5,4,0,2006,2006,2,4
204900,1498,7,6,1,2006,2,8990,5,4,0,2006,2006,2,4
200000,2267,6,1,1,2002,2,8068,5,4,0,2002,2009,2,8
179900,1552,6,1,1,1975,2,11475,3,3,0,1975,2006,2,1
97000,864,4,2,1,1971,2,10500,4,3,0,1971,2009,2,1
386250,2392,10,1,1,2003,3,13472,5,5,0,2003,2009,4,1
112000,1302,5,2,5,1971,1,1680,3,3,0,1971,2009,2,5
290000,2520,7,2,1,1995,3,9950,5,4,0,1995,2007,2,1
106000,987,6,1,5,1970,1,1869,3,3,0,1970,2008,2,1
125000,912,5,1,1,1967,1,8521,3,3,0,1967,2010,2,1
192500,1555,7,1,4,2005,2,3182,5,4,0,2006,2009,2,1
148000,1194,6,1,1,1959,1,8760,3,3,0,1959,2010,4,1
403000,2794,8,1,1,1995,3,15138,5,5,0,1996,2009,2,1
94500,987,6,1,5,1972,1,1680,3,3,0,1972,2006,2,1
128200,894,5,1,1,1976,1,10650,3,3,0,1976,2010,2,1
216500,1960,6,1,1,2002,2,7851,5,4,0,2002,2010,2,1
89500,987,6,1,4,1971,1,1680,3,3,0,1971,2008,2,1
185500,1414,7,1,1,2004,2,8773,5,4,0,2004,2010,2,1
194500,1744,7,1,1,1993,2,9453,5,4,0,2003,2010,2,1
318000,1694,8,6,1,2007,3,12030,5,4,0,2007,2007,4,4
113000,1487,6,1,1,1945,1,8741,3,3,0,1950,2010,2,1
262500,1566,8,1,1,2008,2,9000,5,4,0,2008,2010,2,1
110500,866,5,1,1,1945,0,3880,4,4,0,1997,2007,2,1
79000,1440,5,1,1,1900,1,5000,4,3,0,1950,2006,2,1
120000,1217,6,1,4,1980,1,10762,3,3,0,1980,2009,2,1
205000,2110,7,1,1,1994,2,8880,5,4,0,2002,2010,2,1
241500,1872,7,1,1,1988,2,10400,4,3,0,1988,2006,2,1
137000,1928,6,1,2,1910,1,9142,4,2,0,1950,2006,2,1
140000,1375,6,1,1,1954,2,11310,5,3,0,1954,2006,4,1
180000,1668,7,1,1,2003,2,11317,5,4,0,2003,2007,2,1
277000,2144,6,1,1,1958,2,159000,4,4,500,2006,2007,2,1
76500,1306,3,1,1,1940,0,5350,5,2,450,1966,2010,2,1
235000,1625,8,5,4,2006,2,4750,5,4,0,2007,2007,4,1
173000,1640,6,1,1,2004,2,8366,5,4,0,2004,2008,2,1
158000,1302,6,1,1,1964,1,9350,5,4,0,1991,2007,4,2
145000,1314,5,1,1,1957,1,8400,3,3,0,1957,2010,2,1
230000,2291,7,1,1,1999,2,8738,5,4,0,1999,2006,2,1
207500,1728,6,1,1,2003,2,8791,5,4,0,2003,2008,2,1
220000,1604,7,2,1,2006,2,8814,5,4,0,2006,2009,2,1
231500,1792,7,1,1,2001,2,12435,5,4,0,2001,2008,2,1
97000,882,5,1,1,1956,1,12702,4,3,0,1956,2008,2,1
176000,1382,6,1,1,1962,2,19296,3,3,0,1962,2009,2,1
276000,2574,8,6,1,2007,3,9588,5,5,0,2007,2007,2,4
151000,1212,6,1,1,1977,2,8471,3,3,0,1995,2006,2,1
130000,1316,5,1,1,1929,2,5500,3,3,0,2001,2010,2,1
73000,764,5,1,1,1925,2,5232,4,3,0,2004,2008,2,1
175500,1422,6,1,1,1981,2,12090,3,4,0,1981,2008,2,1
185000,1511,6,1,1,1997,2,11207,4,3,0,1997,2006,2,1
179500,2192,5,1,1,1939,1,8400,5,4,0,1997,2008,2,1
120500,778,5,1,1,1940,1,6900,5,3,0,1955,2008,2,1
148000,1113,6,1,1,1976,1,7917,3,3,0,1976,2007,4,1
266000,1939,8,6,1,2006,3,10728,4,4,0,2006,2006,2,4
241500,1363,7,1,1,1954,2,39104,5,3,0,2005,2008,1,1
290000,2270,8,1,1,1999,3,11764,5,4,0,2007,2010,2,1
139000,1632,6,1,1,1958,1,9600,4,3,0,1988,2009,4,1
124500,816,5,1,1,1982,1,8314,3,3,0,1982,2007,2,1
205000,1548,7,1,1,1925,2,7264,4,5,0,2007,2009,2,1
201000,1560,7,1,1,2003,2,9196,5,4,0,2003,2010,2,1
141000,864,4,1,1,1951,2,19138,5,3,0,1951,2010,2,1
415298,2121,9,6,1,2006,3,14450,5,5,0,2007,2007,2,4
192000,2022,7,1,1,1977,2,10005,5,3,0,1977,2008,4,1
228500,1982,7,1,1,1989,2,11287,4,4,0,1989,2007,2,1
185000,1262,6,6,1,2006,2,7200,4,4,0,2006,2006,2,4
207500,1314,7,1,5,2007,2,5063,5,4,0,2008,2009,2,7
244600,1468,8,6,1,2008,3,9612,5,4,0,2009,2009,2,4
179200,1575,6,1,4,1992,2,8012,4,4,0,1992,2007,2,1
164700,1250,7,6,4,2006,2,4251,5,4,0,2007,2007,2,4
159000,1734,6,1,1,1962,2,9786,3,4,0,1981,2006,2,1
88000,858,4,1,1,1971,0,8125,3,3,0,1971,2006,2,1
122000,900,5,1,1,1967,1,9819,3,3,0,1967,2010,2,1
153575,1396,6,1,1,1915,1,8730,5,3,0,2003,2007,2,1
233230,1919,8,6,1,2006,2,15611,5,4,0,2006,2006,2,4
135900,1716,5,1,2,1912,0,5687,5,2,0,2000,2008,2,1
131000,1716,5,1,1,1949,1,11409,4,3,0,2008,2009,2,1
235000,2263,7,1,1,1977,2,16659,2,4,0,1994,2006,2,1
167000,1644,6,1,1,1953,2,9600,3,3,0,1953,2009,4,1
142500,1003,6,1,1,1984,2,7937,3,3,0,1984,2006,2,1
152000,1558,5,1,1,1950,1,13710,3,3,0,1950,2007,2,1
239000,1950,7,1,1,1997,2,7399,5,4,0,1998,2007,4,1
175000,1743,6,1,1,1968,2,11700,4,3,0,1968,2007,5,1
158500,1152,6,5,1,1950,1,14000,5,4,0,2004,2009,2,1
157000,1336,5,1,2,1953,1,15750,3,3,0,1953,2006,4,1
267000,2452,8,1,1,1998,2,16226,5,4,0,1999,2007,2,1
205000,1541,7,1,1,2001,3,13704,5,4,0,2002,2006,2,1
149900,894,5,2,1,1972,2,9800,3,3,0,1972,2006,2,1
295000,3493,7,1,1,1880,3,18386,5,4,0,2002,2008,2,1
305900,2000,8,1,1,2004,3,10386,5,4,0,2005,2007,2,1
225000,2243,7,1,1,1990,3,13474,4,4,0,1991,2007,2,1
89500,1406,6,1,1,1920,0,7920,3,2,0,1950,2008,2,1
82500,861,4,1,1,1940,2,12342,5,3,0,1950,2009,2,1
360000,1944,9,1,1,2003,3,12378,5,5,0,2004,2006,2,1
165600,1501,6,1,1,1993,2,7685,4,4,0,1994,2006,2,1
132000,972,6,1,1,1948,1,8000,5,3,0,2002,2009,2,1
119900,1118,5,1,2,1939,2,7800,3,3,0,1950,2006,2,1
375000,2036,7,1,1,1965,2,215245,3,3,0,1965,2009,4,1
178000,1641,7,1,1,1925,2,9600,5,5,0,1990,2006,2,1
188500,1432,7,1,1,2004,2,7795,5,4,0,2005,2009,2,1
260000,2353,7,1,1,1980,2,13005,3,5,0,1980,2009,2,1
270000,1959,8,1,1,2006,3,9000,5,4,0,2006,2007,2,1
260000,2646,7,1,1,1993,3,9900,5,4,0,1993,2009,2,1
187500,1472,7,1,1,1980,2,14115,3,3,0,1980,2009,2,1
342643,2596,9,6,1,2006,3,16259,5,4,0,2006,2006,2,4
354000,2468,8,1,1,2004,3,12099,5,4,0,2004,2007,2,1
301000,2730,7,1,1,1986,2,10380,5,4,0,1987,2007,2,1
126175,1163,3,1,1,1955,1,5820,5,3,0,2005,2006,2,1
242000,2978,7,1,1,1967,2,11275,5,4,0,2007,2010,5,1
87000,803,5,1,1,1941,2,5000,1,3,0,1950,2007,2,1
324000,1719,8,1,4,1993,2,10846,5,4,0,1993,2008,2,6
145250,1383,6,1,1,1960,1,11600,3,3,0,1960,2006,4,1
214500,2134,6,1,1,1916,2,11888,4,4,0,1994,2009,2,1
78000,1192,5,1,1,1920,1,6402,3,3,0,1950,2009,2,1
119000,1728,5,1,3,1964,1,10624,3,3,0,1964,2007,2,1
139000,1056,5,1,1,1958,1,8176,2,3,0,1992,2007,2,1
284000,1629,8,1,1,2003,3,10655,5,4,0,2004,2009,2,1
207000,1358,7,1,4,2004,2,8198,5,4,0,2004,2008,2,1
192000,1638,6,1,1,1998,2,9042,4,3,0,1998,2008,2,1
228950,1786,5,1,2,1965,2,164660,5,3,700,1965,2008,2,1
377426,1922,9,1,1,2005,3,14157,5,4,0,2006,2007,4,1
214000,1536,7,1,1,2002,2,9135,5,4,0,2003,2008,2,1
202500,1621,7,1,1,1984,2,14145,5,4,400,1998,2006,2,1
155000,1215,6,1,1,1958,1,12400,3,3,0,1998,2009,4,1
202900,1908,8,1,1,2002,2,14191,5,4,0,2002,2010,2,1
82000,841,4,1,1,1950,1,8400,4,3,0,1950,2009,2,1
87500,1040,3,1,3,1949,2,8544,2,3,0,1950,2006,2,1
266000,1684,9,1,4,2005,2,8849,5,5,0,2005,2008,4,1
85000,1112,5,1,4,1976,1,2592,3,3,0,1976,2010,2,1
140200,1577,6,1,1,1939,1,6435,4,2,0,1950,2006,2,1
151500,958,6,1,1,1960,1,12772,3,3,15500,1998,2007,4,1
157500,1478,6,1,1,1960,2,17600,5,3,0,1960,2009,2,1
154000,1626,7,1,5,2003,2,2448,5,4,0,2004,2008,2,1
437154,2728,9,6,1,2005,3,20431,5,5,0,2006,2006,4,4
318061,1869,9,6,4,2007,2,7820,5,5,0,2007,2007,4,4
190000,1453,7,2,1,1986,2,5271,4,4,0,1986,2006,2,1
95000,1111,5,1,1,1941,1,9084,3,3,0,1950,2008,2,7
105900,720,6,1,1,1928,2,8520,4,3,0,2003,2010,2,1
140000,1595,6,1,1,1940,1,8400,5,3,0,2000,2006,2,1
177500,1200,6,1,1,1995,2,11249,5,4,0,1995,2007,2,1
173000,1167,6,1,1,1992,2,9248,4,4,0,1992,2009,2,1
134000,1142,5,1,4,1976,2,4224,3,3,0,1976,2007,2,1
130000,1352,5,2,1,1958,1,6930,5,4,0,1958,2006,4,1
280000,1924,8,1,1,1998,2,12011,5,4,0,1998,2006,2,1
156000,912,6,1,1,1978,2,7540,5,3,0,1978,2007,2,1
145000,1505,5,1,1,1940,1,9144,4,3,0,1982,2008,2,1
198500,1922,7,1,1,2003,2,7301,5,4,0,2003,2009,2,9
118000,987,6,1,5,1972,1,1680,4,4,0,2007,2009,2,1
190000,1574,6,1,1,1976,2,18800,3,3,0,1976,2006,2,1
147000,1344,5,1,1,1920,1,10690,4,3,0,1997,2009,4,1
159000,1394,6,1,1,1963,2,9500,4,3,0,1963,2009,2,1
165000,1431,6,1,1,1962,1,9150,4,3,0,1962,2008,2,1
132000,1268,5,1,1,1954,1,7800,4,3,0,1954,2010,2,1
162000,1287,5,1,1,1959,2,9830,5,4,0,2006,2010,2,1
172400,1664,6,1,1,2000,2,8121,5,3,0,2000,2006,2,1
134432,1588,4,1,1,1959,2,17120,3,3,0,1959,2008,2,1
125000,752,6,1,4,1984,1,7175,3,3,0,1984,2010,2,1
123000,1319,5,1,1,1953,1,10634,3,3,0,1953,2009,2,1
219500,1928,7,1,1,2003,2,8200,5,4,0,2004,2007,2,1
61000,904,1,1,1,1922,0,10020,4,2,0,1950,2009,2,1
148000,914,5,1,1,1996,2,8846,5,3,0,1996,2006,2,1
340000,2466,8,1,1,2004,2,11143,5,4,0,2005,2007,2,1
394432,1856,9,6,1,2010,3,11394,5,5,0,2010,2010,4,4
179000,1800,6,1,1,2000,2,8123,5,3,0,2000,2009,2,1
127000,1691,5,1,1,1924,1,5000,3,4,0,1950,2010,2,1
187750,1301,7,6,1,2006,2,7200,5,4,0,2006,2006,2,4
213500,1797,7,1,1,2006,2,9245,5,4,0,2006,2007,2,1
76000,784,6,1,1,1928,2,9000,3,3,0,1950,2009,2,1
240000,1953,6,1,1,1992,2,53107,5,4,0,1992,2007,2,1
192000,1269,8,1,4,2004,2,3182,5,4,0,2005,2010,2,1
81000,1184,5,3,1,1910,0,8410,3,3,0,1996,2006,3,1
125000,1125,6,2,1,1976,1,7200,5,3,0,1976,2009,4,1
191000,1479,7,1,1,1999,2,9382,5,4,0,2000,2008,2,1
426000,2332,10,6,1,2007,3,12474,5,5,0,2008,2008,2,4
119000,1367,5,1,1,1900,1,8405,5,3,0,1950,2008,2,1
215000,1961,6,1,1,2001,2,12209,5,4,0,2002,2009,2,1
106500,882,5,1,1,1959,1,8339,3,3,1200,1959,2007,2,1
100000,788,4,2,1,1941,0,7446,3,3,0,1950,2006,2,1
109000,1034,5,1,1,1940,1,10134,4,3,0,1950,2007,2,1
129000,1144,5,1,1,1956,1,9571,3,3,0,1956,2010,2,1
123000,894,5,1,1,1972,2,7200,3,3,0,1972,2009,4,1
169500,1812,5,1,1,1962,1,7590,3,3,0,1962,2007,2,1
67000,1077,5,2,1,1920,1,8967,4,3,0,1950,2007,2,1
241000,1550,7,1,1,2006,2,8125,5,4,0,2007,2009,2,1
245500,1288,8,1,4,1996,2,14963,5,5,0,1996,2008,2,1
164990,1310,7,6,1,2005,2,8767,5,4,0,2005,2006,2,4
108000,672,5,1,1,1940,1,10200,5,3,0,1997,2008,2,1
258000,2263,8,2,1,1998,2,12090,4,4,0,1998,2006,4,1
168000,1572,6,1,1,1995,2,10364,4,3,0,1996,2007,2,1
150000,1620,4,1,1,1976,2,9991,5,3,0,1993,2009,2,1
115000,1639,6,1,1,1936,1,10480,5,3,0,1950,2008,2,1
177000,1680,6,1,1,1915,1,15576,5,3,0,1976,2008,2,1
280000,2172,7,6,1,2006,3,14154,5,4,0,2006,2007,2,4
339750,2078,8,6,1,2007,3,10800,5,5,0,2008,2008,2,4
60000,1276,5,2,1,1958,1,9571,3,3,0,1958,2009,2,5
145000,1056,5,1,2,1955,2,34650,3,3,0,1955,2006,4,1
222000,1478,7,6,1,2009,2,4403,5,4,0,2009,2010,2,4
115000,1028,5,1,1,1927,2,8960,4,3,0,1950,2010,2,1
228000,2097,7,1,1,1993,3,11228,5,4,0,1993,2008,2,1
181134,1340,7,6,1,2007,2,8899,5,4,0,2007,2007,2,4
149500,1400,6,1,1,1978,2,7844,3,3,0,1978,2006,4,1
239000,2624,6,1,1,1918,3,22420,3,3,0,1950,2007,4,1
126000,1134,5,3,1,1940,1,8160,2,3,0,1950,2007,2,1
142000,1056,5,1,1,1968,1,8450,5,3,0,1968,2010,2,1
206300,1344,7,4,3,1997,4,7060,5,3,0,1998,2008,2,1
215000,1602,6,1,1,1977,2,16635,4,4,0,2000,2009,2,1
113000,988,5,1,1,1954,2,21750,5,3,0,1954,2008,4,1
315000,2630,8,1,1,1998,3,9200,4,4,0,1998,2008,2,1
139000,1196,6,1,1,1956,1,9000,4,3,0,1956,2008,2,1
135000,1389,7,1,1,1946,1,3378,4,3,0,1992,2009,2,1
275000,1644,7,1,1,1989,2,12800,4,4,0,1989,2009,2,1
109008,907,4,1,1,1957,1,8593,5,3,0,1957,2008,4,1
195400,1208,7,6,1,2007,2,6762,5,4,0,2007,2007,2,4
175000,1412,6,1,1,1988,2,11457,3,4,0,1988,2009,2,1
85400,987,6,2,5,1971,1,1680,3,3,0,1971,2008,2,5
79900,1198,6,2,1,1920,0,5586,4,3,0,1998,2008,2,9
122500,1365,5,1,4,1971,2,1920,5,3,0,1971,2007,2,1
181000,1604,6,1,1,1997,2,10839,5,3,0,1998,2008,2,1
81000,630,4,1,5,1972,0,1890,4,3,0,1972,2008,2,1
212000,1661,7,1,1,1996,2,10667,5,4,0,1996,2009,2,7
116000,1118,6,1,1,1920,2,4400,3,3,0,1950,2006,2,1
119000,904,6,1,1,1926,1,6000,4,3,0,2004,2009,2,1
90350,694,5,1,1,1913,1,4280,3,4,0,2002,2007,2,1
110000,1196,6,1,1,1920,2,12354,4,4,800,2000,2009,2,8
555000,2402,10,1,1,2008,3,15431,5,5,0,2008,2009,4,1
118000,1440,4,1,3,1955,0,12108,3,2,0,1955,2008,2,1
162900,1573,5,1,1,1930,2,6240,3,3,0,1992,2008,2,1
172500,1258,7,6,4,2006,3,3922,5,4,0,2007,2007,2,4
210000,1908,7,1,1,1994,2,8750,5,4,0,1995,2008,2,1
127500,1689,6,1,1,1956,2,9855,2,3,0,1956,2009,4,5
190000,1888,6,1,1,1966,2,16492,5,4,0,2002,2010,2,1
199900,1886,7,1,1,1998,2,11214,4,4,0,1999,2006,2,1
119500,1376,6,1,1,1937,1,8600,3,3,0,1950,2006,2,1
120000,1183,3,1,1,1948,1,6000,5,3,0,2002,2007,2,1
110000,813,6,1,1,1930,1,5684,5,4,0,2005,2006,4,1
280000,1533,7,1,1,1975,2,70761,3,4,0,1975,2006,2,1
204000,1756,6,1,1,1996,2,9303,5,3,0,1997,2007,4,1
210000,1590,8,1,1,2008,2,9000,5,4,0,2008,2009,2,1
188000,1728,5,5,3,1976,2,9297,3,3,0,1976,2006,2,1
175500,1242,7,1,1,1973,2,9600,2,3,0,1973,2007,4,1
98000,1344,5,2,1,1916,3,4571,2,3,0,1950,2008,2,5
256000,1663,4,1,1,1954,2,53227,5,4,0,1994,2008,1,1
161000,1666,8,1,1,1925,1,5100,2,4,0,1996,2008,4,1
110000,1203,5,1,1,1950,1,7015,3,4,0,1950,2009,2,1
263435,1935,8,6,1,2009,2,8004,5,3,0,2009,2009,2,4
155000,1135,7,1,1,1936,2,7200,5,4,0,2007,2009,2,1
62383,864,5,1,1,1965,1,8281,4,3,0,1965,2009,2,1
188700,1660,6,1,1,1934,1,11988,2,3,0,1995,2008,4,1
124000,1040,5,1,1,1978,0,8430,3,3,0,1978,2009,2,1
178740,1414,7,1,4,2004,2,3072,5,4,0,2004,2006,4,1
167000,1277,7,1,1,1970,2,10628,3,3,0,1970,2007,1,1
146500,1644,5,1,1,1942,1,9480,5,4,0,1995,2007,2,1
250000,1634,8,1,1,2006,3,11428,5,4,0,2006,2007,2,1
187000,1710,6,1,1,1993,2,9291,5,4,0,1993,2008,2,1
212000,1502,8,1,4,1985,2,6820,3,4,0,1985,2010,2,1
190000,1969,7,1,1,1977,2,11952,3,3,0,1977,2007,5,1
148000,1072,6,1,4,2005,2,3675,5,3,0,2005,2008,2,1
440000,1976,8,6,1,2006,3,14977,5,4,0,2007,2007,2,4
251000,1652,8,1,4,2000,2,5330,5,5,0,2000,2007,2,1
132500,970,5,1,1,1963,2,8480,3,3,0,1963,2007,4,1
208900,1493,6,1,1,1997,2,13125,5,4,0,1998,2008,2,1
380000,2643,9,1,1,2006,3,13693,5,5,0,2006,2007,4,1
297000,1718,8,1,1,2007,3,10637,5,4,0,2008,2009,4,1
89471,1131,4,4,1,1937,2,5925,3,3,0,2000,2007,4,1
326000,1850,9,1,1,2004,3,16033,5,4,0,2005,2006,4,1
374000,1792,9,1,1,2003,3,11846,5,5,0,2004,2006,4,1
155000,1826,7,1,1,1915,1,2500,5,5,0,2005,2009,2,1
164000,1216,6,1,5,1998,2,4500,5,3,0,1998,2006,4,1
132500,999,5,1,1,1962,1,7758,4,4,0,2001,2007,2,1
147000,1113,5,1,1,1950,1,9600,4,4,0,2007,2009,2,1
156000,1073,5,1,1,1965,2,10289,3,3,0,1965,2007,4,1
175000,1484,5,1,1,1971,2,12243,4,3,0,1971,2007,2,1
160000,2414,5,1,2,1900,2,10800,3,3,0,1970,2006,2,9
86000,630,4,1,5,1970,1,1526,3,4,0,2002,2009,2,1
115000,1304,5,1,4,1976,1,2665,3,3,0,1976,2008,2,1
133000,1578,6,1,1,1941,1,9490,3,2,0,1950,2006,2,1
172785,1456,6,6,1,2006,2,15578,4,3,0,2006,2006,2,4
155000,1269,5,1,1,1960,1,7931,3,3,0,1960,2008,2,1
91300,886,5,1,1,1938,1,5784,4,3,0,1996,2009,2,1
34900,720,4,2,1,1920,0,7879,3,3,0,1950,2009,2,1
430000,3228,8,1,1,1992,2,12692,5,4,0,1993,2007,4,1
184000,1820,7,1,1,1925,1,9120,5,3,0,1950,2008,2,1
130000,899,5,1,1,1967,1,7800,5,4,0,2004,2009,4,1
120000,912,5,1,1,1958,1,7535,2,3,480,1985,2007,2,1
113000,1218,6,1,5,1973,1,1890,3,3,0,1973,2007,2,1
226700,1768,7,1,1,2005,2,9803,4,4,0,2005,2008,2,1
140000,1214,5,1,1,1965,2,9170,5,3,400,1965,2007,4,1
289000,1801,7,1,1,1959,2,15602,3,3,0,1997,2010,2,1
147000,1322,6,1,4,1974,2,2308,3,3,0,1974,2009,2,1
124500,1960,5,1,3,1952,2,7596,4,3,0,1952,2009,4,5
215000,1911,8,1,1,1993,2,9554,5,4,0,1994,2006,2,1
208300,1218,6,6,1,2009,2,7862,5,4,0,2009,2009,2,4
161000,1378,7,1,1,1928,2,9600,5,4,0,2005,2008,3,1
124500,1041,5,1,1,1959,1,9600,5,3,0,1959,2009,2,1
164900,1363,5,1,1,1951,1,14559,5,3,2000,2000,2009,4,1
202665,1368,7,6,4,2005,2,6792,5,4,0,2006,2006,2,4
129900,864,5,1,1,1958,2,9100,3,3,0,1958,2006,2,1
134000,1080,6,1,1,1983,2,9187,3,3,0,1983,2007,2,1
96500,789,5,1,1,1926,1,10594,2,3,0,1950,2007,2,1
402861,2020,10,6,1,2009,3,12220,5,5,0,2009,2009,4,4
158000,2119,6,2,1,1972,2,10448,3,3,0,1972,2009,2,5
265000,2344,7,1,1,1996,3,10208,5,4,0,1997,2009,2,1
211000,1796,6,1,1,1998,2,9531,5,3,0,1998,2007,2,1
234000,2080,7,1,1,1926,1,10918,5,4,0,2004,2009,3,1
106250,1294,4,1,2,1900,0,10800,3,3,0,2000,2008,2,1
150000,1244,6,1,1,1957,1,11988,5,3,0,1957,2007,2,1
159000,1664,6,1,1,1947,2,5000,5,3,0,1950,2006,2,1
184750,4676,10,6,1,2007,3,40094,5,5,0,2008,2007,4,4
315750,2398,7,1,1,1996,3,11787,5,4,0,1997,2007,2,1
176000,1266,7,1,1,2005,2,7500,5,4,0,2005,2006,2,1
132000,928,5,1,1,1956,1,13300,3,3,0,2000,2007,4,1
446261,2713,9,6,1,2008,3,14948,5,5,0,2008,2008,4,4
86000,605,4,1,1,1920,0,9098,5,3,0,2002,2007,2,1
200624,2515,6,4,1,1957,2,32668,3,3,0,1975,2007,4,1
175000,1509,6,2,1,1988,2,10200,5,4,0,1989,2008,2,1
128000,1362,6,1,1,1920,2,6155,5,3,0,1999,2008,2,1
107500,827,5,1,1,1955,1,7200,5,3,0,2007,2010,2,1
39300,334,1,1,1,1946,0,5000,2,2,0,1950,2007,2,1
178000,1414,8,1,1,2004,2,9056,5,4,0,2004,2006,2,1
107500,1347,5,1,2,1910,0,7000,3,3,0,1991,2008,2,1
188000,1724,7,1,1,1998,2,8924,5,4,0,1999,2008,2,1
111250,864,4,1,1,1972,2,12735,3,3,0,1972,2008,4,5
158000,1159,5,1,1,1968,1,11553,3,3,0,1968,2006,4,1
272000,1601,8,1,1,2001,2,11423,5,4,2000,2002,2010,2,1
315000,1838,9,1,1,2006,3,14601,5,5,0,2006,2009,4,1
248000,2285,8,1,1,2000,3,11000,5,4,0,2000,2007,2,1
213250,1680,7,1,1,1998,2,10140,5,4,0,1999,2009,4,1
133000,767,7,1,4,1998,1,4058,5,3,0,1998,2007,2,1
179665,1496,7,6,1,2006,2,17104,5,4,0,2006,2006,2,4
229000,2183,7,1,1,1988,3,13837,4,4,0,1988,2006,2,1
210000,1635,6,1,1,1923,2,8737,5,3,0,1950,2007,2,1
129500,768,5,1,1,1970,2,7244,5,3,0,1970,2007,2,1
125000,825,5,1,1,1955,2,8235,3,3,0,1995,2008,2,1
263000,2094,7,1,1,2003,2,9375,5,4,0,2004,2009,2,1
140000,1069,6,2,4,1977,2,4043,3,3,0,1977,2008,2,5
112500,928,5,1,1,1957,1,6000,4,3,0,1957,2008,4,1
255500,1717,8,1,1,2006,3,11146,5,4,0,2006,2009,2,1
108000,1126,4,1,1,1949,2,8777,5,4,0,2003,2009,2,1
284000,2046,7,1,1,2003,3,10625,5,4,0,2004,2008,2,1
113000,1048,5,1,1,1922,1,6380,3,3,0,1950,2006,2,1
141000,1092,5,1,1,1957,1,14850,3,3,0,1957,2006,2,1
108000,1336,4,1,1,1920,1,11040,4,3,0,1950,2006,2,5
175000,1446,7,1,1,1996,2,21872,5,3,0,1997,2008,2,1
234000,1557,7,1,4,2003,2,3196,5,4,0,2004,2006,2,1
121500,1392,5,1,1,1957,2,11341,3,3,0,1996,2010,4,1
170000,1389,5,1,1,1974,2,10010,4,3,0,1975,2006,2,1
108000,996,5,1,1,1940,0,13907,5,3,0,1969,2008,2,1
185000,1674,6,1,1,1918,2,21780,5,3,0,1950,2008,2,1
268000,2295,7,1,1,1992,2,13346,5,4,0,2000,2006,2,1
128000,1647,6,1,1,1915,1,6858,3,2,0,1950,2010,2,1
325000,2504,9,1,1,2005,3,11198,5,5,0,2007,2008,4,1
214000,1535,7,1,1,2004,2,10171,5,4,0,2004,2010,2,1
316600,2132,8,1,1,1983,2,12327,5,4,0,2009,2009,2,1
135960,943,5,1,3,1979,2,7032,3,3,0,1979,2006,2,1
142600,1728,5,1,3,1965,2,13101,3,3,0,1965,2008,2,1
120000,864,6,2,1,1959,1,7332,5,4,0,1959,2006,2,1
224500,1692,7,6,1,2009,2,13159,4,4,0,2009,2009,2,4
170000,1430,7,1,1,2000,2,9967,5,3,0,2000,2007,2,1
139000,1109,5,1,1,1971,1,10500,3,3,0,2005,2007,3,1
118500,1216,5,2,1,1947,1,8480,3,3,0,1950,2008,2,5
145000,1477,7,1,1,1928,1,6292,4,3,0,1950,2009,2,1
164500,1320,5,2,1,1966,2,11777,5,3,0,1966,2006,2,1
146000,1392,7,2,4,2007,2,3604,5,4,0,2007,2008,2,1
131500,1795,5,1,1,1954,1,12150,5,3,0,1954,2008,2,1
181900,1429,6,1,1,1960,2,14585,5,4,0,1987,2007,2,1
253293,2042,8,6,1,2008,3,12704,5,5,0,2009,2009,4,4
118500,816,6,1,3,1990,0,11841,3,3,0,1990,2007,2,1
325000,2775,10,1,1,1893,2,13500,4,4,0,2000,2008,2,1
133000,1573,4,1,1,1935,1,6120,5,4,0,1995,2009,2,1
369900,2028,8,6,1,2005,3,11443,5,4,0,2006,2006,4,4
130000,838,6,1,1,1918,1,10267,5,2,0,2000,2008,2,1
137000,860,5,1,1,1982,2,8740,3,3,0,1982,2009,4,1
143000,1473,5,6,1,1968,1,25095,5,5,0,2003,2009,1,1
79500,935,5,1,1,1930,1,9100,3,3,600,1960,2008,2,1
185900,1582,7,1,1,2004,2,8320,5,4,0,2004,2008,2,1
451950,2296,10,1,1,2008,3,13478,5,5,0,2008,2009,2,8
138000,816,5,1,1,1982,2,6600,5,3,0,2003,2008,2,1
140000,848,6,1,4,2003,2,4435,5,4,0,2003,2009,2,1
110000,924,5,1,1,1975,1,7990,3,3,0,1975,2008,4,1
319000,1826,8,6,1,2005,3,11302,5,4,0,2006,2006,2,4
114504,1368,6,1,1,1910,1,3600,5,3,0,1993,2006,2,1
194201,1402,7,6,4,2006,3,3922,5,4,0,2007,2007,2,4
217500,1647,5,1,1,1977,2,12984,5,4,0,1977,2006,2,1
151000,1556,6,1,5,1980,2,1950,3,3,0,1980,2008,2,5
275000,1904,8,1,1,2005,2,10927,5,5,0,2005,2006,2,1
141000,1375,6,1,1,1937,1,9000,3,4,0,1950,2007,2,1
220000,1915,8,2,1,1992,2,10041,5,4,0,1992,2006,2,1
151000,1200,7,1,4,2004,2,3182,5,4,0,2005,2010,2,1
221000,1494,7,1,1,2002,2,12803,5,4,0,2002,2008,2,1
205000,1986,7,1,1,1965,2,13600,3,3,0,1990,2009,2,1
152000,1040,5,1,1,1996,2,12464,4,4,0,1996,2009,2,1
225000,2008,5,1,1,1948,1,7800,5,5,0,2002,2006,2,1
359100,3194,8,4,1,1934,2,12168,3,3,0,1998,2007,2,1
118500,1029,4,1,1,1961,1,7943,4,3,0,1961,2007,2,1
313000,2153,9,1,1,2000,3,11050,5,5,0,2000,2009,4,1
148000,1032,6,1,1,1978,2,10395,3,3,500,1978,2007,2,1
261500,1872,8,1,1,2001,2,11885,5,5,0,2001,2009,2,1
147000,1120,5,6,1,2007,0,8402,5,3,0,2007,2007,2,4
75500,630,4,1,4,1972,0,1491,5,3,0,1972,2010,2,1
137500,1054,6,2,1,1963,2,8800,5,4,0,1963,2010,2,1
183200,1509,6,1,1,2002,2,7861,5,4,0,2003,2006,2,1
105500,832,6,1,1,1954,2,7227,4,4,0,1954,2008,2,1
314813,1828,9,6,1,2007,3,11694,5,4,0,2007,2007,4,4
305000,2262,8,1,1,2003,3,12244,5,4,0,2003,2008,4,1
67000,864,3,1,1,1914,0,8248,3,3,0,1950,2008,2,1
240000,2614,6,1,1,1974,2,10800,3,3,0,1997,2008,2,1
135000,980,5,1,1,1977,2,7064,3,3,0,1977,2009,2,1
168500,1512,6,1,4,2000,2,2117,5,4,0,2000,2007,2,1
165150,1790,6,1,1,1972,2,10400,4,3,0,1972,2006,2,1
160000,1116,6,1,1,1962,2,10000,3,3,0,1962,2010,4,1
139900,1422,5,1,1,1960,1,12342,3,3,600,1978,2007,4,1
153000,1520,6,1,1,1955,1,9600,5,3,0,1972,2010,2,1
135000,2080,5,5,1,1969,2,11606,3,2,0,1969,2007,2,1
168500,1350,6,1,1,1964,2,9020,3,3,0,1964,2008,2,1
124000,1750,5,2,1,1880,1,9000,3,5,0,1991,2006,2,1
209500,1554,8,1,5,2006,2,4590,5,4,0,2006,2007,2,1
82500,1411,7,5,1,1977,2,11900,3,3,0,1977,2009,4,1
139400,1056,5,1,1,1954,1,9250,3,3,0,2005,2007,2,1
144000,1056,6,1,3,1980,2,6979,4,3,600,1980,2010,2,1
200000,3395,6,2,2,1914,0,10896,5,2,0,1995,2007,4,1
60000,800,2,1,1,1936,0,6120,2,2,0,1950,2009,2,7
93000,1387,5,1,2,1954,1,6000,3,4,0,1954,2009,2,1
85000,796,5,1,1,1910,0,8777,4,3,0,1950,2008,2,1
264561,1567,8,6,4,2006,3,3982,5,5,0,2006,2006,4,4
274000,1518,8,1,4,2003,2,12677,5,5,0,2004,2008,4,1
226000,1929,7,1,1,2001,2,7050,5,4,0,2001,2007,2,1
345000,2704,8,1,1,1972,2,13860,4,5,0,1995,2009,2,1
152000,1620,5,1,1,1969,2,10793,5,3,0,1969,2007,5,1
370878,1766,9,6,1,2009,3,9187,5,5,0,2009,2009,2,4
143250,981,6,1,1,1971,2,10530,3,3,0,1971,2007,4,1
98300,1048,5,1,1,1950,2,7200,4,3,0,1950,2008,4,1
155000,1094,6,1,1,1953,2,10452,5,3,0,1953,2008,4,1
155000,1839,6,1,1,1966,2,7700,3,3,0,1966,2010,2,1
84500,630,4,1,5,1970,0,1936,4,3,0,1970,2007,2,1
205950,1665,7,1,1,2007,2,8125,5,4,0,2007,2008,2,1
108000,1510,4,1,1,1940,1,9084,3,3,0,1950,2009,2,1
191000,1716,7,1,1,1996,2,8750,5,4,0,1996,2009,2,1
135000,1469,6,1,1,1906,1,10320,5,3,0,1995,2008,2,1
350000,2113,8,1,1,1995,3,10437,5,4,0,1995,2008,4,1
88000,1092,6,5,5,1971,1,1680,3,3,0,1971,2010,2,1
145500,1053,5,1,1,1959,1,10007,5,4,0,2006,2008,2,1
149000,1502,7,1,1,1931,1,7200,3,3,0,2000,2008,2,1
97500,1458,6,2,1,1948,1,17503,3,3,0,1950,2010,2,1
167000,1486,5,1,1,1964,2,9937,5,3,0,1999,2009,4,1
197900,1935,7,1,1,1976,2,12384,3,3,0,1976,2007,2,1
402000,2448,8,1,1,1994,3,46589,5,4,0,2005,2009,4,1
110000,1392,6,1,1,1968,2,13560,4,3,0,1968,2009,4,1
137500,1181,4,1,1,1972,2,10012,3,3,0,1972,2008,2,1
423000,2097,8,6,1,2005,3,20896,5,5,0,2006,2006,2,4
230500,1936,8,1,1,2000,2,11194,5,4,0,2000,2006,2,1
129000,2380,6,2,1,1965,2,18450,3,3,0,1979,2007,1,1
193500,1679,6,1,1,1994,2,8125,5,4,0,1998,2008,2,1
168000,1437,5,1,1,1956,2,14175,4,3,0,1987,2006,2,1
137500,1180,4,1,1,1922,1,11600,5,2,0,1950,2006,2,1
173500,1476,6,1,1,2005,2,8633,5,4,0,2005,2009,2,1
103600,1369,6,1,1,1925,1,6629,3,3,0,1950,2009,3,1
165000,1208,6,1,1,1977,2,11250,3,3,0,1977,2006,2,1
257500,1839,6,1,1,1957,2,14442,5,4,0,2004,2007,4,1
140000,1136,6,1,1,1965,1,9200,3,3,0,1965,2008,2,1
148500,1441,6,1,5,1978,2,2289,3,3,0,1978,2009,2,1
87000,1774,4,1,1,1900,3,9600,2,3,0,1950,2006,2,1
109500,792,5,1,1,1924,1,9022,5,4,0,2006,2009,2,1
372500,2046,8,6,1,2008,3,11844,5,4,0,2008,2009,4,4
128500,988,5,1,1,1961,2,9945,3,3,0,1961,2007,4,1
143000,923,6,1,4,1980,1,8012,3,3,0,1980,2010,2,1
159434,1520,5,2,1,1932,1,4500,5,3,0,2000,2009,2,1
173000,1291,6,1,1,1996,2,2887,5,4,0,1997,2008,2,1
285000,1668,9,1,1,2002,3,11248,5,4,0,2002,2007,4,1
221000,1839,7,1,1,1998,2,16770,4,3,0,1998,2010,2,1
207500,2090,7,1,4,1984,2,5062,4,4,0,1984,2007,2,1
227875,1761,7,6,1,2007,2,10207,5,4,0,2007,2007,2,4
148800,1102,7,1,4,2004,2,5105,5,4,0,2004,2007,2,1
392000,1419,8,6,1,2007,2,8089,5,4,0,2007,2007,2,4
194700,1362,6,1,4,2005,2,7577,5,4,0,2006,2007,2,1
141000,848,6,1,4,2004,2,4426,5,4,0,2004,2008,2,1
755000,4316,10,1,1,1994,3,21535,5,5,0,1995,2007,2,1
335000,2519,7,1,1,1989,2,26178,5,4,0,1990,2006,4,1
108480,1073,5,2,1,1921,1,5400,5,3,0,1968,2006,2,1
141500,1539,5,1,1,1936,2,6120,3,3,0,1950,2009,2,1
176000,1137,6,1,1,1987,2,13811,4,4,0,1987,2006,2,1
89000,616,5,1,1,1921,1,6000,4,3,0,1950,2006,2,1
123500,1148,5,1,1,1952,1,6420,2,3,0,1952,2006,2,1
138500,894,5,1,1,1965,1,8450,5,3,0,2009,2010,2,1
196000,1391,7,1,4,2004,2,4282,5,4,0,2004,2008,2,1
312500,1800,8,1,1,2002,3,14331,5,4,0,2002,2006,4,1
140000,1164,7,1,1,1969,2,9600,3,3,0,1969,2006,4,5
361919,2576,8,6,1,2006,3,12438,5,5,0,2006,2006,4,4
140000,1812,5,1,2,1900,2,7630,4,4,0,1996,2010,2,1
213000,1484,7,1,1,2004,2,8400,5,4,0,2005,2010,2,1
55000,1092,4,1,2,1930,0,5600,2,2,3500,1950,2010,4,1
302000,1824,7,1,1,1971,2,115149,3,4,0,2002,2007,2,1
254000,1324,8,1,4,2006,2,6240,5,4,0,2006,2009,4,1
179540,1456,7,6,1,2007,2,9018,5,4,0,2007,2007,4,4
109900,904,5,2,1,1966,1,7162,3,3,0,1966,2008,2,1
52000,729,3,1,1,1935,0,4130,4,3,0,2003,2008,2,1
102776,1178,4,2,1,1900,1,8712,4,3,0,1950,2010,2,1
189000,1228,8,1,4,1988,2,4671,4,4,0,1989,2008,2,1
129000,960,4,1,2,1970,2,9873,3,3,0,1970,2006,2,1
130500,1479,6,1,1,1976,2,13517,5,4,0,2005,2010,2,1
165000,1350,6,1,1,1974,2,10140,3,3,0,1974,2009,4,1
159500,2554,7,1,1,1890,2,10800,5,3,0,1998,2007,2,1
157000,1178,5,1,1,1973,2,10000,4,4,0,2000,2008,2,1
341000,2418,7,1,1,1993,3,10542,5,4,0,1994,2008,4,1
128500,971,5,1,1,1969,1,9920,3,3,0,1969,2006,2,1
275000,1742,8,1,1,1985,2,6563,3,4,0,1985,2006,2,1
143000,848,6,1,4,2004,2,4426,5,4,0,2004,2010,2,1
124500,864,4,1,1,1970,2,8120,5,3,0,1970,2009,2,1
135000,1470,4,1,1,1954,1,8172,5,3,0,1972,2008,2,1
320000,1698,9,1,1,2007,3,13286,5,5,0,2008,2009,4,1
120500,864,4,1,1,1970,2,6960,3,4,500,1970,2009,2,1
222000,1680,6,1,1,1988,2,21695,5,4,0,2007,2009,4,1
194500,1232,7,1,1,2007,2,7314,5,4,0,2007,2009,2,1
110000,1776,5,2,3,1958,3,11475,3,3,0,1958,2009,2,5
103000,1208,4,1,1,1925,2,6240,3,3,0,1950,2009,2,1
236500,1616,8,1,4,1995,2,5389,5,4,0,1996,2010,2,1
187500,1146,7,1,1,2003,2,9590,5,4,0,2003,2007,2,1
222500,2031,7,1,1,1998,2,11404,5,4,0,1999,2008,2,1
131400,1144,5,1,1,1961,1,10000,5,3,400,1983,2009,4,1
108000,948,5,5,1,1968,1,8978,3,3,0,1968,2007,2,1
163000,1768,7,1,1,1914,2,10800,2,3,0,1970,2006,2,1
93500,1040,3,1,3,1950,2,8544,4,3,0,1950,2006,2,1
239900,1801,8,1,1,2005,3,10463,5,4,0,2005,2006,2,1
179000,1200,5,4,3,1987,0,10800,3,3,0,1988,2009,2,1
190000,1728,7,1,1,2004,2,9313,5,4,0,2004,2009,2,1
132000,1432,5,2,1,1910,2,9600,5,3,0,2002,2007,2,1
142000,912,6,1,1,1961,1,6768,4,4,0,1996,2008,4,1
179000,1349,7,1,1,2000,2,8450,5,3,0,2001,2007,2,1
175000,1464,5,1,1,1963,2,12886,5,3,0,1999,2009,2,1
180000,1337,8,1,4,1993,2,5395,4,4,0,1993,2008,2,1
299800,2715,8,1,1,1976,2,8963,5,4,0,1996,2008,4,1
236000,2256,7,1,1,2000,2,8795,5,4,0,2000,2009,2,1
265979,2640,7,1,1,1880,4,11700,3,4,0,2003,2009,5,1
260400,1720,7,1,1,1996,2,10593,5,4,0,1996,2010,4,1
98000,1529,4,1,1,1945,1,8405,3,3,0,1950,2009,2,1
96500,1140,4,1,1,1910,0,8800,4,3,0,2004,2010,2,1
162000,1320,7,1,1,2003,2,7750,5,4,0,2003,2007,2,1
217000,1494,6,1,1,1997,2,9236,5,4,0,1997,2006,2,1
275500,2098,8,1,1,2005,3,10240,4,5,0,2005,2006,2,1
156000,1026,6,1,1,1969,2,7930,4,4,0,2005,2009,2,1
172500,1471,6,1,4,1999,2,3230,4,3,0,1999,2009,2,1
212000,1768,8,1,1,2007,2,10769,5,4,0,2007,2009,2,1
158900,1386,6,2,1,1978,2,11616,3,3,0,1978,2010,4,1
179400,1501,7,1,5,1999,2,2280,4,3,0,1999,2008,2,1
290000,2531,8,1,1,1995,3,12257,5,4,0,1995,2007,2,1
127500,864,6,1,1,1959,1,9100,5,3,450,1959,2009,4,1
100000,1301,5,1,1,1924,2,6911,3,2,0,1950,2009,2,1
215200,1547,7,1,1,2009,2,8640,5,4,0,2009,2010,2,6
337000,2365,8,1,1,1999,3,9430,5,4,0,1999,2009,2,1
270000,1494,8,1,4,1995,2,9549,5,5,0,1996,2006,4,1
264132,1506,9,6,1,2008,2,14587,5,5,0,2008,2008,2,4
196500,1714,7,1,1,1988,2,10421,3,3,500,1988,2010,2,1
160000,1750,6,1,1,1940,1,12508,5,3,1300,1985,2008,2,1
216837,1836,7,1,1,2004,2,9100,5,4,0,2005,2006,4,1
538000,3279,8,1,1,2003,3,53504,5,5,0,2003,2010,4,1
134900,858,5,1,1,1982,2,7252,3,3,0,1982,2009,4,1
102000,1220,4,1,1,1951,2,8877,3,3,0,1951,2006,2,5
107000,1117,6,2,1,1976,2,7819,3,3,0,1976,2010,2,1
114500,912,5,1,1,1958,1,10150,5,3,0,1958,2007,2,5
395000,1973,8,6,1,2006,3,14226,4,4,0,2006,2007,4,4
162000,1204,6,1,4,1998,2,4500,5,3,0,1998,2009,4,1
221500,1614,7,6,1,2005,3,11210,5,4,0,2006,2006,2,4
142500,894,5,1,1,1974,2,13350,3,3,0,1974,2006,4,1
144000,2020,5,1,3,1977,2,8400,3,3,0,1977,2007,2,1
135000,1004,6,1,3,1977,2,10530,3,3,0,1977,2006,2,1
176000,1253,7,1,1,1995,2,7875,4,3,0,1996,2007,2,1
175900,1603,6,1,1,1992,2,7153,5,4,0,1992,2006,2,1
187100,1430,7,1,1,2001,2,16285,5,4,0,2002,2009,2,1
165500,1110,5,1,1,1978,2,9101,5,4,0,1978,2009,2,1
128000,1484,6,1,1,1914,0,6300,5,3,0,2001,2008,2,1
161500,1342,6,1,1,1967,2,9790,3,3,0,1967,2009,2,1
139000,1652,5,1,1,1915,1,10800,3,3,1200,1950,2010,2,1
233000,2084,7,1,1,2004,2,10142,5,4,0,2004,2010,2,1
107900,901,4,1,1,1954,1,6000,5,3,0,2000,2008,2,1
187500,2087,6,1,1,1966,2,12205,4,4,0,2007,2007,2,1
160200,1145,7,1,4,2005,2,3182,5,4,0,2006,2009,2,1
146800,1062,6,1,1,1976,2,11333,3,3,0,1976,2007,2,1
269790,2013,7,1,1,1996,2,9920,5,3,0,1997,2007,2,1
225000,1496,8,6,1,2007,2,9158,5,4,0,2007,2007,2,4
194500,1895,7,1,1,1994,2,10832,5,4,500,1996,2008,2,1
171000,1564,6,1,1,1980,2,8400,3,3,0,1981,2010,2,1
143500,1285,6,1,1,1977,2,8197,5,3,0,1977,2007,2,1
110000,773,5,2,1,1953,1,7677,4,3,0,1953,2008,2,1
485000,3140,9,6,1,2008,3,13518,5,5,0,2009,2009,4,4
175000,1768,5,1,1,1937,1,7200,5,4,0,1950,2007,2,1
200000,1688,6,1,1,1997,2,12798,4,4,400,1997,2008,2,1
109900,1196,4,1,1,1916,2,4800,5,3,0,1990,2007,2,1
189000,1456,7,1,1,2005,2,8199,5,4,0,2005,2008,2,1
582933,2822,9,6,1,2008,3,13891,5,5,0,2009,2009,4,4
118000,1128,5,5,1,1954,1,9000,3,3,0,1954,2006,2,1
227680,1428,7,6,1,2008,2,12274,5,5,0,2008,2008,2,4
135500,980,5,1,1,1967,1,9750,4,3,0,1967,2006,2,1
223500,1576,5,1,1,1923,2,21384,5,4,0,2004,2009,2,1
159950,1086,5,1,1,1966,2,13400,3,3,0,1966,2006,2,1
106000,2138,5,1,1,1898,2,8100,3,3,0,1965,2009,4,1
181000,1309,6,1,1,1974,2,10140,2,4,0,1999,2006,4,1
144500,848,6,1,4,2004,2,4438,5,4,0,2004,2008,2,9
55993,1044,5,4,1,1952,2,8712,3,2,54,1952,2010,4,1
157900,1442,6,1,1,1958,1,9750,4,3,500,1958,2007,2,5
116000,1250,5,1,1,1918,1,8248,4,2,0,1950,2006,2,1
224900,1661,7,1,1,1998,2,12137,5,4,0,1998,2010,2,1
137000,1008,5,1,1,1954,1,11425,4,3,0,1954,2006,2,1
271000,1689,8,1,1,2002,3,13265,5,4,0,2002,2008,4,1
155000,1052,6,1,1,1971,2,8816,4,3,0,1971,2010,2,1
224000,1358,7,6,4,2009,2,6371,5,4,0,2010,2010,2,4
183000,1640,7,1,1,2003,2,7226,5,4,0,2003,2008,2,1
93000,936,4,1,2,1953,2,6000,3,3,0,1953,2009,2,1
225000,1733,7,5,1,2003,2,12394,5,4,0,2003,2007,2,1
139500,1489,6,1,1,1940,1,9900,3,3,0,1950,2009,2,1
232600,1489,8,6,1,2006,2,11216,5,4,0,2006,2006,2,4
385000,2084,10,6,1,2007,3,14803,5,5,0,2008,2008,4,4
109500,784,5,1,1,1924,0,6130,4,4,0,1950,2008,2,1
189000,1434,7,1,1,2001,2,8529,5,4,0,2001,2009,2,1
185000,2126,5,2,1,1967,2,28698,3,3,0,1967,2009,1,1
147400,1223,7,1,5,2005,2,2544,5,4,0,2005,2006,2,1
166000,1392,6,1,1,1957,2,11900,3,3,0,1957,2008,2,1
151000,1200,7,1,4,2005,2,3180,5,4,0,2005,2006,2,1
237000,1829,7,1,1,2003,2,9548,5,4,0,2003,2010,2,1
167000,1516,6,1,1,1964,2,10004,3,3,0,1964,2009,2,1
139950,1144,5,1,1,1961,2,7875,4,3,0,1961,2008,2,1
128000,1067,4,1,1,1950,2,9600,3,4,0,1995,2010,2,1
153500,1559,5,1,1,1948,2,8100,4,3,0,1973,2007,2,5
100000,987,6,1,5,1973,1,1680,3,3,0,1973,2008,2,1
144000,1099,5,1,1,1995,1,9525,5,4,0,2006,2008,2,1
130500,1200,5,1,1,1946,1,11767,5,3,0,1995,2008,2,1
140000,1482,6,1,1,1925,1,12155,3,2,0,1950,2008,2,1
157500,1539,5,1,1,1904,2,10440,4,4,0,2002,2008,2,1
174900,1165,6,1,1,1966,2,9020,3,3,0,1966,2008,2,1
141000,1800,5,1,3,1961,0,8000,5,3,0,1961,2007,2,1
153900,1416,5,1,1,1915,3,12665,4,3,0,1950,2008,2,1
171000,1701,5,1,1,1975,2,16647,3,3,0,1981,2007,2,1
213000,1775,7,1,1,1993,2,9317,5,4,0,1993,2009,2,1
133500,864,5,1,1,1972,1,15523,5,3,0,1972,2009,2,1
240000,2358,6,1,1,1908,2,45600,3,3,0,1997,2008,2,1
187000,1855,6,1,1,1976,2,9600,5,3,0,1994,2007,4,1
131500,848,6,1,4,2003,2,4435,5,4,0,2003,2007,2,1
215000,1456,8,1,4,2003,2,3196,5,4,0,2003,2006,2,1
164000,1646,7,1,1,1941,1,7128,4,3,0,1950,2007,2,1
158000,1445,6,1,1,1964,2,12095,3,3,0,1964,2009,2,1
170000,1779,5,2,1,1955,2,17920,3,3,0,1974,2006,4,1
127000,1040,5,1,1,1962,1,6897,5,3,0,2010,2010,2,1
147000,1026,6,1,1,1978,2,10970,3,3,0,1978,2008,2,1
174000,1481,6,1,1,1994,2,8125,4,3,0,1995,2009,2,1
152000,1370,7,5,1,1976,2,10400,3,3,0,1976,2009,2,1
250000,2654,6,1,1,1968,2,11029,3,4,0,1984,2006,2,1
189950,1426,7,1,1,1918,1,7642,4,4,0,1998,2007,2,1
131500,1039,5,1,2,1965,2,11625,5,3,0,1965,2010,4,1
152000,1097,6,1,1,1984,2,9672,3,3,0,1985,2010,4,1
132500,1148,5,1,1,1959,1,7931,3,3,0,1959,2009,4,1
250580,1372,7,6,1,2007,2,8640,5,4,0,2008,2008,2,4
148500,1002,5,1,1,1970,2,8750,3,3,0,1970,2009,2,1
248900,1646,8,6,1,2006,3,10656,5,4,0,2007,2007,2,4
129000,1120,4,1,1,1961,2,6970,3,2,400,1961,2007,2,1
169000,2320,5,1,1,1948,2,14762,4,3,0,1950,2006,2,1
236000,1949,7,1,1,1993,2,9938,5,4,0,1994,2010,2,1
109500,894,5,1,1,1962,1,6600,4,3,0,1962,2009,4,1
200500,1682,6,1,1,1998,2,8750,5,4,0,1998,2010,2,1
116000,910,5,1,1,1953,2,8892,4,4,0,1996,2008,2,1
133000,1268,5,1,1,1949,1,12144,4,3,0,1950,2009,2,1
66500,1131,5,2,1,1941,1,5720,5,3,0,1950,2009,2,1
303477,2610,8,6,1,2007,2,9000,5,5,0,2007,2007,2,4
132250,1040,4,1,1,1963,2,25286,4,3,0,1963,2007,2,1
350000,2224,9,1,1,2004,3,8834,5,5,0,2005,2009,4,1
148000,1155,5,1,1,1961,2,11782,3,4,400,1995,2010,2,1
136500,864,5,1,1,1978,1,7000,5,3,0,2005,2009,2,1
157000,1090,5,1,1,2005,2,7024,4,3,0,2006,2007,2,1
187500,1717,7,1,1,1990,2,13758,5,4,0,1991,2007,2,1
178000,1593,6,1,1,1992,2,9636,4,3,0,1993,2009,2,1
118500,2230,4,1,1,1912,1,6204,3,3,0,1950,2006,2,1
100000,892,5,1,1,1967,1,7150,3,3,0,1967,2009,2,1
328900,1709,9,2,4,1999,2,5119,5,4,0,2000,2008,2,2
145000,1712,5,5,3,1959,2,8393,5,3,0,2005,2006,2,1
135500,1393,5,1,1,1955,1,16466,3,3,0,1955,2008,2,1
268000,2217,8,1,1,1970,2,15865,5,4,0,1970,2007,1,1
149500,1505,6,1,1,1953,2,12160,5,3,0,1953,2009,4,1
122900,924,5,1,1,1949,2,8064,5,3,2000,2006,2007,2,1
172500,1683,6,1,1,1978,2,11184,4,3,0,1978,2009,4,1
154500,1068,6,1,1,1963,1,8414,3,3,0,2003,2006,4,1
165000,1383,5,1,1,1954,1,13284,3,3,0,1954,2008,2,1
118858,1535,5,4,3,1979,2,7018,3,3,0,1979,2009,2,1
140000,1796,6,1,1,1963,2,7056,3,3,0,1963,2008,4,1
106500,951,4,2,1,1936,1,8765,5,3,0,1950,2006,2,1
142953,2240,5,4,3,1979,2,7018,3,3,0,1979,2009,2,1
611657,2364,9,6,1,2009,3,12919,5,5,0,2010,2010,4,4
135000,1236,5,1,1,1961,1,6993,3,3,0,1994,2006,2,1
110000,858,4,1,1,1971,1,7340,3,3,0,1971,2007,2,1
153000,1306,5,1,1,1957,1,8712,3,3,0,2000,2009,4,1
180000,1509,7,1,1,2003,2,7875,5,4,0,2003,2006,2,1
240000,1670,7,6,1,2006,3,14859,5,4,0,2006,2006,4,4
125500,902,5,1,1,1967,1,6173,3,3,0,1967,2007,2,1
128000,1063,5,1,1,1954,1,9920,3,3,0,1954,2010,2,1
255000,1636,8,1,1,2006,3,13501,5,4,0,2006,2007,2,1
250000,2057,7,1,1,1936,1,11500,4,4,0,1987,2006,2,1
131000,902,5,1,1,1983,2,8885,3,3,0,1983,2006,2,1
174000,1484,6,1,1,2005,2,12589,5,4,0,2005,2009,2,1
154300,2274,5,1,3,1960,2,11600,3,3,0,1960,2010,2,1
143500,1268,5,1,1,1977,1,9286,3,4,0,1989,2009,2,1
88000,1015,5,2,1,1925,1,6120,3,3,620,1950,2006,2,1
145000,2002,5,1,3,1949,3,6270,3,3,0,1950,2007,2,1
173733,1224,6,6,4,2009,2,3000,5,4,0,2009,2009,2,4
75000,1092,4,1,5,1970,1,2001,2,3,0,1970,2007,2,1
35311,480,2,2,1,1949,1,9000,3,3,0,1950,2006,2,1
135000,1229,4,1,1,1956,1,17140,5,3,0,1956,2009,2,1
238000,2127,7,1,1,1991,3,13125,5,4,0,1991,2007,2,1
176500,1414,6,1,1,1958,2,11029,5,3,0,2002,2008,4,1
201000,1721,6,1,1,1994,2,8462,5,4,0,1994,2007,2,1
145900,2200,5,1,3,1900,0,8777,4,3,0,2003,2008,2,1
169990,1316,6,6,1,2005,2,10237,5,4,0,2006,2006,2,4
193000,1617,6,1,4,1993,2,8012,5,4,0,1994,2008,2,1
207500,1686,6,1,1,1980,2,10240,3,3,0,1980,2006,2,1
175000,1126,5,2,1,1977,2,15611,3,5,0,1977,2008,2,1
285000,2374,8,1,1,2003,3,11999,5,5,0,2004,2007,4,1
176000,1978,7,1,1,1968,2,9900,4,3,0,1968,2008,2,1
236500,1788,8,1,1,2001,2,11838,5,5,0,2001,2009,4,1
222000,2236,7,1,1,1997,2,13006,4,4,0,1997,2006,2,1
201000,1466,8,1,1,2007,3,8925,5,4,0,2007,2009,2,1
117500,925,5,1,1,1965,1,9100,5,3,0,1965,2009,2,1
320000,1905,9,1,1,2006,3,11670,5,5,0,2006,2007,4,1
190000,1500,7,1,1,2004,2,8487,5,4,0,2004,2009,2,1
242000,2069,7,1,1,1960,2,27650,5,4,0,2007,2008,1,1
79900,747,4,1,1,1926,2,5825,4,3,0,1953,2006,2,1
184900,1200,7,1,1,2003,2,10083,5,4,0,2003,2009,2,1
253000,1971,7,1,1,2005,2,9675,5,4,0,2005,2009,2,1
239799,1962,7,6,1,2006,3,8760,5,4,0,2006,2006,2,4
244400,2403,7,1,1,1940,1,24090,5,3,0,1950,2010,2,5
150900,1728,6,1,3,1976,2,12640,3,3,0,1976,2006,2,1
214000,2060,7,1,1,1999,2,8755,5,4,0,1999,2009,2,1
150000,1440,4,2,3,1977,0,7711,3,3,0,1977,2007,2,10
143000,1632,5,1,3,1967,2,25000,3,3,0,1967,2007,2,1
137500,1344,6,2,1,1958,2,14375,4,4,0,1958,2009,2,5
124900,1869,5,1,1,1890,2,8820,3,3,0,1996,2009,4,1
143000,1144,5,1,1,1959,1,8163,3,3,0,1959,2006,2,1
270000,1629,8,1,1,2002,3,14536,5,4,0,2003,2007,4,1
192500,1776,7,1,1,2002,2,14006,5,4,0,2002,2006,2,1
197500,1381,6,1,1,1972,2,9360,3,4,0,2006,2010,4,1
129000,864,5,1,1,1950,2,7200,4,4,0,2002,2007,2,1
119900,965,5,2,1,1965,1,7800,4,3,0,1965,2006,2,1
133900,768,5,1,1,1972,1,7200,4,3,0,2003,2009,2,1
172000,1968,5,1,1,1969,2,11075,5,3,400,1969,2008,2,1
127500,980,6,3,3,1975,0,9400,3,3,0,1975,2006,1,1
145000,1958,6,1,3,1946,2,7136,3,3,0,1950,2007,2,1
124000,1229,6,1,4,1980,2,1300,3,3,0,1980,2009,2,1
132000,1057,5,1,1,1962,2,7420,3,3,0,1962,2007,4,1
185000,1337,7,1,1,2003,2,8450,5,4,0,2003,2007,2,1
155000,1416,7,1,5,1999,2,2572,5,4,0,1999,2010,4,1
116500,858,5,1,1,1958,0,7207,4,3,0,2008,2010,2,1
272000,2872,6,1,1,1977,2,12227,3,3,0,1995,2008,2,1
155000,1548,6,1,4,1976,2,2308,3,4,0,1976,2007,2,1
239000,1800,9,1,1,2007,2,11923,5,5,0,2007,2009,2,1
214900,1894,7,1,1,2002,2,11316,5,4,0,2003,2010,2,1
178900,1484,6,6,1,2005,2,10237,5,4,0,2007,2007,2,4
160000,1308,5,1,1,1940,1,9600,5,3,0,1950,2009,2,1
135000,1098,5,1,1,1955,1,7390,3,3,0,1955,2008,4,1
37900,968,3,2,1,1910,0,5925,2,3,0,1950,2009,2,1
140000,1095,6,1,2,1958,1,10382,3,3,0,1958,2006,4,9
135000,1192,4,2,1,1949,0,10800,3,3,0,1950,2006,2,1
173000,1626,7,1,5,2003,2,2268,5,4,0,2004,2009,2,1
99500,918,6,1,4,1979,1,7892,3,3,0,1979,2010,2,1
182000,1428,7,6,1,2007,2,11639,5,4,0,2008,2008,2,4
167500,2019,7,1,1,1910,2,11414,3,4,0,1993,2009,2,1
165000,1382,7,1,5,2000,2,2651,5,4,0,2000,2006,2,1
85500,869,4,1,1,1923,0,5900,3,2,0,1958,2006,2,1
199900,1241,7,6,4,2006,2,4274,5,4,0,2007,2007,2,4
110000,894,4,2,1,1954,2,9450,5,3,0,1954,2007,2,1
139000,1121,5,1,1,1963,2,8816,3,3,0,1963,2009,2,1
178400,999,7,1,1,1961,2,12122,4,5,0,2007,2008,2,1
336000,2612,8,1,1,1998,3,12203,5,4,0,1999,2009,4,1
159895,1266,7,1,1,2007,2,3182,5,4,0,2007,2008,2,1
255900,2290,8,1,1,2002,2,11250,5,4,0,2002,2008,2,1
126000,1734,5,1,3,1977,2,10125,3,4,0,1977,2009,2,5
125000,1164,5,1,2,1950,1,10880,3,3,0,1950,2008,2,9
117000,1635,6,1,1,1910,1,5310,4,4,0,2003,2006,4,1
395192,1940,9,6,1,2009,3,10159,5,5,0,2010,2010,4,4
195000,2030,6,1,1,1976,2,12046,3,4,0,1976,2007,2,1
197000,1576,7,6,1,2006,2,8125,5,4,0,2006,2006,2,4
348000,2392,8,1,1,1997,3,9452,5,4,0,1998,2006,2,1
168000,1742,8,1,1,1882,2,17671,4,4,0,1986,2009,2,1
187000,1851,6,1,1,1964,2,9760,4,4,0,1993,2007,4,1
173900,1500,6,6,1,2005,2,8846,5,4,0,2006,2006,2,4
337500,1718,10,1,1,2006,3,12456,5,5,0,2007,2009,4,1
121600,1230,4,2,1,1946,1,4712,3,3,0,1950,2006,2,1
136500,1050,5,1,1,1961,1,10659,3,3,0,1961,2006,4,5
185000,1442,6,1,1,1970,2,11717,3,3,0,1970,2009,4,1
91000,1077,3,1,1,1922,1,9786,2,3,0,1950,2006,4,1
206000,1208,7,1,1,2006,2,6762,5,4,0,2006,2010,2,1
82000,944,3,1,1,1952,2,10206,2,2,0,1952,2009,1,1
86000,691,5,2,1,1920,1,5400,5,5,0,1950,2007,2,1
232000,1574,8,1,1,2006,3,11957,5,4,0,2006,2008,2,1
136905,1680,5,1,3,1976,2,11500,2,3,0,1976,2007,2,1
181000,1504,7,1,4,2005,2,3182,5,4,0,2006,2009,2,1
149900,985,5,1,1,1977,1,8385,3,3,0,1977,2008,2,1
163500,1657,6,1,1,1970,2,12155,4,3,0,1970,2007,2,1
88000,1092,4,1,4,1970,1,2217,3,3,0,1970,2009,2,1
240000,1710,7,1,1,2004,2,12118,5,4,0,2005,2009,4,1
102000,1522,5,1,1,1926,0,6000,5,3,0,1950,2006,2,1
135000,1271,5,1,1,1948,1,21286,3,3,0,1950,2008,2,1
100000,1664,5,1,3,1965,0,9825,3,3,0,1965,2010,4,1
165000,1502,6,1,1,1923,1,10592,3,4,0,1996,2007,4,1
85000,1022,5,1,1,1910,1,7200,3,3,0,2006,2009,4,1
119200,1082,6,1,1,1948,1,11664,3,3,0,1950,2007,2,1
227000,1665,8,1,1,2001,2,8400,5,4,0,2001,2009,2,1
203000,1504,7,1,1,1996,2,11883,5,4,0,1996,2009,4,1
187500,1360,8,2,4,1984,2,5814,4,4,0,1984,2009,2,5
160000,1472,7,1,1,1991,2,10784,4,4,0,1992,2007,2,1
213490,1506,7,1,4,2005,2,3013,5,4,0,2005,2006,2,1
176000,1132,4,1,1,2005,2,7024,5,4,0,2005,2008,2,1
194000,1220,7,6,1,2006,2,7406,5,4,0,2006,2006,2,4
87000,1248,5,1,1,1930,1,9439,4,3,0,1950,2007,2,1
191000,1504,7,1,4,2005,2,3182,5,4,0,2006,2008,2,1
287000,2898,8,2,1,1976,2,15498,3,4,0,1976,2008,4,5
112500,882,5,1,1,1972,2,7700,3,3,0,1972,2007,2,1
167500,1264,5,1,1,1960,2,9300,3,3,0,1960,2010,2,1
293077,1646,8,6,1,2007,3,9520,5,4,0,2008,2008,2,4
105000,1376,5,1,1,1941,1,9492,3,3,0,1950,2007,2,1
118000,1218,6,1,5,1972,1,1680,4,3,0,1972,2006,2,1
160000,1928,5,1,2,1916,0,7082,4,3,0,1995,2006,2,1
197000,3082,7,1,1,1920,2,15863,5,3,0,1970,2009,2,1
310000,2520,8,2,1,1993,3,14541,5,4,0,1993,2006,2,1
230000,1654,7,1,1,2002,3,8125,5,4,0,2002,2006,2,1
119750,954,5,1,1,1938,1,6305,5,2,0,1950,2007,2,1
84000,845,4,1,1,1957,1,11500,5,3,0,1957,2009,2,1
315500,1620,9,1,1,2007,3,12898,5,5,0,2008,2009,4,1
287000,2263,8,1,1,2001,2,9240,5,4,0,2002,2008,2,1
97000,1344,4,1,5,1970,0,1533,3,3,0,2008,2009,2,1
80000,630,4,1,4,1970,1,1477,3,3,0,1970,2009,2,1
155000,1803,5,1,1,1957,2,13125,5,3,0,2000,2006,2,1
173000,1632,6,1,1,1966,2,9130,4,4,0,2000,2008,4,1
196000,1306,6,1,5,2005,2,5381,5,4,0,2005,2009,2,1
262280,2329,7,1,1,1990,2,11839,5,4,0,1990,2008,4,1
278000,2524,8,1,1,1981,2,9600,3,4,0,1981,2009,4,1
139600,1733,3,1,1,1955,2,13680,5,3,0,1955,2009,4,1
556581,2868,9,6,1,2005,3,16056,5,5,0,2006,2006,4,4
145000,990,5,1,1,1994,2,9245,5,3,0,1995,2008,2,1
115000,1771,5,1,1,1960,2,21750,3,3,0,2006,2009,4,1
84900,930,4,2,1,1946,1,11100,5,4,0,2006,2010,2,1
176485,1302,7,6,1,2007,2,8993,5,4,0,2007,2007,2,4
200141,1316,7,6,1,2007,2,11175,5,4,0,2007,2007,2,4
165000,1977,6,1,1,1964,2,9500,3,3,0,1978,2007,2,1
144500,1526,5,1,1,1957,1,8562,5,3,0,2002,2010,4,1
255000,1989,8,1,1,2002,2,11367,5,4,0,2002,2006,2,1
180000,1523,6,2,1,1976,2,11361,3,3,0,1976,2008,2,5
185850,1364,7,1,4,2005,2,7052,5,4,0,2005,2006,2,1
248000,1850,7,1,1,1994,2,29959,5,4,0,1994,2009,2,1
335000,2184,9,1,1,2008,3,11308,5,5,0,2008,2009,2,1
220000,1991,6,1,1,1932,2,11275,3,3,0,1950,2007,2,1
213500,1338,8,1,4,2001,2,4920,5,4,0,2001,2010,2,1
81000,894,3,1,1,1935,3,18000,3,3,560,1950,2008,2,9
90000,2337,5,1,2,1900,2,13600,3,3,0,1950,2007,2,1
110500,1103,6,1,1,1925,2,6000,4,4,0,1980,2006,2,1
154000,1154,5,1,1,1966,2,11000,5,3,0,1966,2009,2,1
328000,2260,7,1,1,1996,2,14000,5,4,0,1997,2010,2,1
178000,1571,6,1,1,1993,2,7837,4,3,0,1994,2009,2,1
167900,1611,6,1,1,1964,2,9760,3,3,0,1964,2008,2,1
151400,2521,6,1,4,1973,2,3964,4,3,0,1973,2006,2,1
135000,893,5,1,1,1949,2,9600,3,4,0,2003,2007,2,1
135000,1048,5,1,1,1956,1,10152,3,3,0,1956,2007,4,1
154000,1556,6,1,1,1968,2,11700,5,3,0,1968,2009,2,1
91500,1456,5,1,1,1948,1,7585,2,3,0,1950,2006,2,1
159500,1426,6,1,1,1977,2,7950,3,3,0,1977,2009,4,1
194000,1240,7,1,1,2006,3,8556,5,4,0,2006,2007,2,1
219500,1740,7,1,1,1940,1,13125,3,3,0,1984,2007,2,2
170000,1466,5,1,1,1936,2,10800,4,4,500,1989,2006,2,1
138800,1096,5,2,1,1969,1,15870,5,3,0,1969,2006,2,1
155900,848,6,1,4,2004,2,4435,5,4,0,2004,2006,2,1
126000,990,5,1,1,1994,1,8775,4,3,0,1994,2007,2,1
145000,1258,6,2,1,1971,2,11040,5,4,0,2004,2008,2,5
133000,1040,5,1,1,1963,1,7500,2,3,0,1963,2010,2,1
192000,1459,7,1,1,2002,2,8749,5,4,0,2002,2007,2,1
160000,1251,6,1,1,1964,1,8800,3,3,700,1964,2006,4,1
187500,1498,6,1,1,1995,2,13031,4,3,0,1996,2006,2,1
147000,996,6,1,1,1992,2,9069,5,4,0,1992,2010,2,1
83500,1092,4,1,4,1973,1,1974,3,3,0,1973,2010,2,1
252000,1953,8,1,1,2005,3,10574,5,4,0,2006,2009,2,1
137500,1709,7,1,5,2004,2,2522,5,4,0,2004,2006,2,1
197000,1247,8,1,4,2005,2,3316,5,4,0,2005,2006,2,1
92900,1040,3,1,3,1950,2,8544,2,3,0,1950,2009,2,1
160000,1252,7,1,5,1999,2,2160,5,4,0,2000,2008,2,1
136500,1694,6,1,1,1925,2,8400,2,3,0,1950,2008,2,1
146000,1200,5,1,1,1965,2,9230,4,4,0,1998,2006,4,1
129000,936,5,1,1,1956,1,5868,5,3,0,2000,2010,2,1
176432,1314,6,1,1,2006,2,9317,4,4,0,2006,2007,2,1
127000,1355,6,1,1,1914,0,6882,3,4,0,2006,2007,2,1
170000,1088,8,1,4,1986,2,3696,5,4,0,1986,2007,2,1
128000,1324,4,1,1,1936,1,6000,3,3,0,1950,2009,2,1
157000,1601,7,2,1,1978,2,11880,3,3,0,1978,2009,2,5
60000,438,2,1,1,1920,1,8400,3,2,0,1950,2009,2,1
119500,950,5,1,1,1971,1,9758,3,3,0,1971,2007,2,1
135000,1134,5,5,1,1960,1,7000,5,3,0,2002,2007,2,1
159500,1194,6,1,1,1959,2,8910,5,3,0,1959,2006,4,1
106000,1302,5,1,4,1970,2,2016,3,3,0,1970,2007,2,1
325000,2622,8,1,1,1994,2,12256,5,4,0,1995,2010,2,1
179900,1442,7,1,1,1990,2,10357,4,4,0,1991,2007,4,1
274725,2021,7,6,1,2006,2,23257,5,4,0,2006,2006,2,4
181000,1690,6,2,1,2000,2,8063,5,3,0,2000,2007,2,1
280000,1836,8,1,1,2004,3,11362,5,4,0,2005,2009,2,1
188000,1658,6,1,1,1995,2,8000,4,3,0,1996,2008,2,1
205000,1964,7,1,1,1976,2,10480,3,3,0,1976,2008,4,1
129900,816,5,1,1,1957,1,7100,3,3,0,1957,2006,2,1
134500,1008,5,1,1,1953,1,8923,4,4,0,2006,2007,2,1
117000,833,5,1,1,1954,1,5400,5,4,0,2000,2006,2,1
318000,1734,8,6,1,2007,3,12085,5,5,0,2007,2007,4,4
184100,1419,8,1,1,2002,2,7750,5,4,0,2002,2009,4,1
130000,894,5,1,1,1967,2,9764,5,4,0,2003,2008,2,1
140000,1601,5,1,1,1958,1,13825,3,3,0,1987,2008,2,1
133700,1040,5,1,1,1959,1,7560,3,3,0,1959,2006,2,1
118400,1012,6,1,1,1920,1,8263,3,3,0,1950,2007,2,1
212900,1552,7,6,1,2005,3,10084,5,4,0,2006,2006,2,4
112000,960,4,2,1,1956,1,8926,5,3,0,1956,2009,2,5
118000,698,5,1,1,1947,0,9405,5,3,0,2008,2009,4,1
163900,1482,7,1,1,1992,2,9125,4,4,0,1992,2007,2,1
115000,1005,4,1,1,1955,2,10434,3,2,0,1955,2009,2,1
174000,1555,7,1,4,2007,3,3684,5,4,0,2007,2009,4,1
259000,1530,7,5,1,2004,3,14572,5,4,0,2004,2007,4,1
215000,1959,7,1,1,2004,2,11796,5,4,0,2005,2007,2,1
140000,936,5,1,3,1980,2,7200,3,3,0,1980,2007,2,1
135000,1981,4,1,1,1928,2,7804,3,4,0,1950,2009,2,1
93500,974,5,2,1,1991,0,10712,3,3,0,1992,2007,2,10
117500,2210,6,1,1,1880,1,9900,3,2,0,1950,2007,2,1
239500,2020,8,1,1,1995,2,9828,5,4,0,1995,2009,2,1
169000,1600,6,1,1,1997,2,8773,4,3,0,1997,2007,2,1
102000,986,6,1,1,1926,1,6180,3,3,0,1950,2007,2,1
119000,1252,6,2,1,1950,1,9600,3,3,0,1950,2008,2,1
94000,1020,5,1,1,1875,0,6342,4,3,0,1996,2010,2,1
196000,1567,6,1,1,1977,2,9819,3,4,0,1977,2009,2,1
144000,1167,5,1,1,1920,2,8731,3,3,0,1950,2007,2,1
139000,952,5,2,1,1951,2,7350,3,3,0,1951,2008,2,5
197500,1868,5,1,1,1976,2,10304,5,4,0,1976,2009,2,1
424870,2828,8,6,1,2006,3,9965,5,4,0,2007,2007,4,4
80000,1006,5,1,1,1959,0,9000,3,3,0,1959,2008,2,1
80000,924,4,1,2,1941,1,12180,2,2,0,1950,2010,2,1
149000,1576,5,5,1,1928,1,6240,5,3,0,1950,2006,2,1
180000,1298,6,1,1,1985,2,11200,3,4,0,1985,2006,2,1
174500,1564,7,1,1,1941,1,12000,5,2,0,1950,2009,2,1
116900,1111,7,1,1,1926,1,5700,3,3,0,1950,2008,2,1
143000,1482,7,1,1,1920,2,9000,5,3,0,1988,2009,4,1
124000,932,6,1,1,1950,1,8280,5,4,0,1950,2007,2,1
149900,1466,5,1,1,1959,2,17755,3,2,0,1959,2006,2,1
230000,1811,6,2,1,1956,2,14115,5,5,0,2004,2006,2,1
120500,816,6,1,1,1930,1,5890,5,3,0,2007,2008,2,1
201800,1820,7,1,1,1965,2,13700,3,4,0,1988,2008,2,1
218000,1437,5,1,1,1976,2,10768,3,4,0,2004,2007,2,1
179900,1265,5,1,1,1965,2,9350,4,4,0,1999,2008,2,1
230000,1314,7,1,5,2007,2,5001,5,4,0,2008,2009,2,1
235128,1580,8,6,1,2007,3,11932,5,4,0,2008,2008,2,9
185000,1876,6,1,1,1974,2,9120,3,4,0,1974,2008,4,1
146000,1456,6,1,5,1978,2,2280,2,3,0,1978,2010,2,1
224000,1640,6,1,1,1954,2,14778,5,4,0,2006,2008,4,1
129000,894,5,1,1,1968,2,8724,4,3,0,1968,2007,2,1
108959,1258,4,4,3,1969,2,12900,3,3,0,1969,2008,2,1
194000,1432,5,1,1,1978,2,16157,5,4,0,1978,2007,2,1
233170,1502,7,6,1,2009,2,9541,5,4,0,2009,2009,2,4
245350,1694,8,1,1,2008,3,10475,5,4,0,2008,2010,2,1
173000,1671,6,1,1,2000,2,10852,5,3,0,2000,2006,2,1
235000,2108,6,1,1,1935,2,13728,5,4,0,1986,2008,4,1
625000,3627,10,1,1,1995,3,35760,5,4,0,1996,2006,4,1
171000,1118,6,1,1,1977,1,9880,3,3,0,1977,2008,2,1
163000,1261,6,1,1,1958,2,9120,5,3,1400,1958,2008,4,1
171900,1250,7,1,4,2006,2,4017,5,4,0,2007,2008,2,1
200500,3086,5,1,1,1946,0,18030,3,5,0,1994,2007,2,1
239000,2345,6,1,1,1932,2,16560,3,3,0,1950,2006,2,1
285000,2872,8,1,1,1992,2,10678,5,4,0,2000,2007,4,1
119500,923,5,1,1,1984,1,6951,3,3,0,1985,2008,2,1
115000,1224,6,1,1,1926,1,3950,3,3,0,2004,2009,2,1
154900,1343,5,1,1,1921,1,7681,5,3,0,1950,2009,2,1
93000,1124,5,1,1,1954,0,8335,4,3,0,1954,2006,2,1
250000,2514,7,1,1,1990,2,11170,5,3,0,1991,2006,2,1
392500,1652,8,6,4,2008,2,5587,5,4,0,2008,2008,4,4
745000,4476,10,2,1,1996,3,15623,5,5,0,1996,2007,4,1
120000,1130,5,1,1,1920,2,10800,5,3,0,1950,2006,4,1
186700,1572,5,1,1,1963,3,35133,4,3,0,1963,2007,4,1
104900,1221,5,1,1,1924,1,9738,4,3,0,1950,2006,2,1
95000,1699,3,2,2,1900,2,10615,3,3,0,1970,2009,2,1
262000,1624,8,1,1,1994,3,12461,5,4,0,1995,2006,2,1
195000,1660,7,1,1,2002,2,8935,5,4,0,2002,2009,2,1
189000,1804,7,1,1,1999,2,7500,4,4,0,1999,2010,2,1
168000,1622,4,1,2,1961,4,32463,5,3,0,1975,2007,2,1
174000,1441,8,1,5,1999,2,2645,5,4,0,2000,2007,2,1
125000,1472,5,1,1,1925,1,9600,4,4,0,1994,2007,3,1
165000,1224,6,1,4,1999,2,4500,5,3,0,1999,2009,4,1
158000,1352,6,1,1,1969,1,9364,3,3,0,1969,2010,2,1
176000,1456,6,1,1,2005,2,8029,5,4,0,2005,2008,2,1
219210,1863,7,6,1,2006,3,14054,5,4,0,2006,2006,2,4
144000,1690,7,1,1,1916,1,8850,5,3,0,1950,2006,2,7
178000,1212,7,1,1,2001,2,9100,5,4,0,2001,2009,2,1
148000,1382,4,1,1,1963,2,11235,4,3,0,1979,2006,2,1
116050,864,4,2,1,1970,1,9353,4,3,0,1970,2006,2,10
197900,1779,7,1,1,1998,2,10400,5,4,0,1998,2009,2,1
117000,1348,5,1,1,1925,1,6000,5,3,0,1997,2009,2,1
213000,1630,7,1,1,2000,2,9750,5,4,0,2001,2009,2,1
153500,1074,5,1,1,1975,2,10140,5,3,0,1975,2006,2,1
271900,2196,7,1,1,1990,3,14684,4,4,0,1991,2009,4,1
107000,1056,4,1,1,1966,1,8900,3,3,0,1966,2006,2,1
200000,1700,6,1,1,2003,2,9135,5,4,0,2003,2006,2,1
140000,1283,5,1,1,1962,2,7763,3,3,0,1980,2008,2,1
290000,1660,8,6,1,2006,2,10182,5,4,0,2006,2006,4,4
189000,1845,6,1,1,1992,2,11218,5,4,400,1992,2010,2,1
164000,1752,8,1,1,1988,2,12134,4,3,0,2005,2010,2,1
113000,672,4,1,1,1941,1,9340,3,3,0,1950,2009,4,1
145000,960,4,1,1,1965,1,10246,5,3,0,2001,2006,2,1
134500,999,5,1,1,1962,1,10205,3,3,0,1962,2006,2,1
125000,894,5,1,1,1966,1,7094,3,3,0,1966,2007,2,1
112000,1902,6,1,3,1978,2,8930,3,3,0,1978,2010,2,1
229456,1314,8,6,1,2009,2,8640,5,4,0,2009,2009,2,4
80500,912,4,1,1,1947,0,6240,4,3,0,1950,2006,2,1
91500,1218,6,2,5,1971,0,1680,3,3,0,1971,2006,2,1
115000,912,5,2,1,1964,1,7800,3,3,0,1964,2006,2,1
134000,1211,5,1,1,1968,1,8250,5,3,0,1968,2008,4,1
143000,1846,6,1,1,1949,1,10496,5,3,0,1950,2007,2,1
137900,2136,5,1,1,1951,2,10680,3,3,0,1951,2006,4,1
184000,1490,7,1,1,2004,2,15384,5,4,0,2005,2008,2,1
145000,1138,6,1,1,1958,1,10482,5,3,0,1958,2007,4,1
214000,1933,6,1,1,2007,3,14598,5,4,0,2007,2008,2,1
147000,912,5,1,1,1965,2,8872,5,4,0,2008,2008,2,1
367294,1702,9,6,4,2008,3,8769,5,5,0,2008,2008,4,4
127000,1507,5,1,1,1960,1,7910,4,3,0,1960,2008,4,1
190000,2620,5,1,3,1977,2,18890,5,3,8300,1977,2007,6,1
132500,1190,5,1,3,1962,2,7728,3,3,0,1962,2006,4,1
101800,1224,4,1,3,1962,2,9842,3,3,0,1962,2007,2,1
142000,1188,5,2,1,1959,2,12160,2,3,0,1959,2010,4,5
130000,1964,5,2,1,1911,0,8525,3,3,0,1950,2008,2,1
138887,1784,5,1,1,1914,1,13132,4,3,0,1950,2006,2,1
175500,1626,7,1,5,2003,2,2628,5,4,0,2003,2010,2,1
195000,1948,7,1,1,2004,2,12393,5,4,0,2005,2006,2,1
142500,1141,6,2,1,2005,2,13072,5,3,0,2005,2006,2,1
265900,1484,8,1,1,2006,2,9037,5,5,0,2006,2007,4,1
224900,1768,7,1,1,2003,2,8158,5,4,0,2003,2008,2,1
248328,1689,7,6,1,2007,3,9849,5,4,0,2007,2007,4,4
170000,1173,7,5,1,1974,2,10625,3,4,0,1974,2010,2,1
465000,2076,10,6,1,2006,3,13891,5,5,0,2006,2006,2,4
230000,1517,8,1,1,1929,2,11435,2,4,0,1950,2006,2,1
178000,1868,6,2,1,1984,2,12090,5,3,0,2003,2007,4,1
186500,1553,7,6,1,2005,2,8125,5,4,0,2006,2006,2,4
169900,1034,6,1,1,1976,3,12328,3,3,0,1976,2010,2,1
129500,2058,6,1,1,1917,2,9600,2,3,0,1950,2008,2,1
119000,988,5,1,1,1950,1,7200,3,3,0,1950,2007,2,1
244000,2110,7,1,1,1968,2,11160,5,5,0,1968,2010,4,1
171750,1405,7,1,4,2003,2,3136,5,4,0,2003,2006,2,1
130000,874,5,1,1,1968,1,9858,3,3,600,1968,2009,2,1
294000,2167,7,1,1,1974,2,17542,3,4,0,2003,2007,2,1
165400,1656,7,1,1,2003,2,6931,5,4,0,2004,2008,2,1
127500,1367,6,1,1,1931,1,6240,3,3,0,1950,2007,2,1
301500,1987,8,1,1,1994,2,14303,5,4,0,1994,2008,4,1
99900,864,5,1,1,1922,0,4060,5,3,0,1950,2009,2,1
190000,1166,7,1,1,2005,2,9587,5,4,0,2005,2008,2,1
151000,1054,6,1,1,1969,2,9750,4,3,0,1969,2008,2,1
181000,1675,6,1,1,1999,2,24682,5,3,0,1999,2009,2,1
128900,1050,5,1,1,1956,1,9600,4,3,0,1956,2009,4,1
161500,1788,4,1,1,1957,1,11250,5,3,0,1989,2009,2,1
180500,1824,6,1,1,1919,2,13515,5,3,0,1950,2007,3,1
181000,1337,6,2,4,1998,2,4060,5,4,0,1999,2008,2,5
183900,1452,7,1,4,1999,2,3735,5,4,0,1999,2006,4,1
122000,1889,7,1,2,1910,1,10120,3,3,0,1950,2007,4,1
378500,2018,9,1,1,2008,3,13214,5,5,0,2009,2010,4,1
381000,3447,8,1,1,1935,3,14100,5,4,0,1997,2008,2,1
144000,1524,5,1,1,1958,1,11344,3,3,0,1958,2007,2,1
260000,1524,7,1,1,1979,2,23595,3,4,0,1979,2010,6,1
185750,1489,6,1,1,1968,2,9156,4,4,0,1968,2009,4,1
137000,935,5,1,1,1965,1,13526,3,3,0,1965,2006,4,1
177000,1357,6,1,1,1959,1,11512,4,5,0,2006,2008,2,1
139000,1250,5,1,1,1910,2,5362,5,3,0,2003,2007,2,1
137000,1920,5,1,3,1948,2,11345,4,3,0,1950,2007,2,1
162000,1395,6,1,1,1972,2,12936,3,3,0,1972,2009,2,1
197900,1724,6,1,1,1967,2,17871,2,3,0,1976,2009,2,1
237000,2031,8,1,1,2002,2,9473,5,4,0,2002,2008,2,1
68400,1128,4,2,1,1920,2,7500,3,3,0,1950,2010,2,5
227000,1573,7,1,1,2002,2,9808,5,4,0,2002,2009,2,1
180000,1339,7,1,1,1990,2,8049,3,3,0,1990,2006,4,1
150500,1040,5,1,1,1977,2,8800,3,4,0,2008,2009,2,1
139000,1824,6,1,3,1971,0,9400,3,3,0,1971,2010,5,1
169000,2447,6,1,1,1919,1,9638,5,4,0,1990,2010,2,1
132500,1412,6,1,1,1939,1,6000,5,3,0,1950,2009,2,1
143000,1328,6,1,1,1963,2,9790,3,3,0,1963,2010,4,1
190000,1582,5,1,1,1964,2,36500,2,3,0,1964,2006,2,1
278000,1659,8,1,4,2000,2,5664,5,5,0,2000,2009,2,1
281000,1970,8,6,1,2006,3,11065,5,5,0,2006,2006,2,4
180500,1152,5,1,1,1964,2,14112,3,3,0,1964,2010,4,1
119500,1302,5,1,5,1972,1,1680,3,3,0,1972,2009,2,1
107500,2372,5,1,1,1892,1,6600,3,3,0,1965,2009,2,1
162900,1664,7,1,1,1976,2,10140,3,3,0,1976,2006,2,1
115000,864,5,1,1,1955,2,8172,3,3,0,1990,2006,4,1
138500,1052,5,1,1,1968,1,8400,4,3,0,1968,2006,4,1
155000,1128,5,1,1,1963,2,8700,4,3,0,1963,2008,4,1
140000,1072,6,6,4,2005,2,3675,4,3,0,2006,2006,2,4
160000,5642,10,6,1,2008,2,63887,5,5,0,2008,2008,4,4
154000,1246,5,1,1,1959,1,7500,5,4,0,1994,2010,4,1
225000,1983,7,1,1,1999,2,10762,5,4,0,1999,2009,2,1
177500,1494,6,1,1,1942,1,7500,2,4,0,1950,2009,2,1
290000,2526,8,1,1,1994,3,10120,5,4,0,1994,2006,4,1
232000,1616,7,1,1,2005,3,8688,5,4,0,2005,2006,2,1
130000,1708,7,1,4,2004,2,3363,5,4,0,2004,2006,2,1
325000,1652,9,1,1,2006,2,13173,5,5,0,2007,2009,4,1
202500,1368,7,6,4,2005,2,6955,5,4,0,2006,2006,2,4
138000,990,5,1,1,1994,2,8072,5,3,0,1995,2009,2,1
147000,1122,5,1,1,1948,2,12000,5,4,0,2005,2008,2,1
179200,1294,6,1,1,1991,2,7153,4,4,0,1991,2008,2,1
335000,1902,7,1,1,1959,2,17500,3,5,0,2002,2010,2,1
203000,1274,7,6,1,2005,2,8814,5,4,0,2007,2007,2,4
302000,2810,8,1,1,1990,2,9572,5,4,0,1990,2007,2,1
333168,2599,9,1,1,1999,3,14774,5,4,0,1999,2010,2,1
119000,948,4,1,1,1954,1,8190,5,3,0,1954,2007,4,1
206900,2112,6,1,1,1969,2,11075,3,3,0,1969,2008,2,1
295493,1630,8,1,1,2008,3,10226,5,5,0,2008,2009,2,1
208900,1352,7,6,4,2006,2,4230,5,4,0,2007,2007,2,4
275000,1787,8,1,1,2001,3,14781,5,4,0,2002,2006,4,1
111000,948,4,1,1,1954,1,10215,5,3,0,1954,2007,4,1
156500,1478,6,1,1,1957,2,8400,4,3,0,1957,2009,4,1
72500,720,3,1,1,1949,1,6627,3,3,0,1950,2008,4,1
190000,1923,7,1,1,1992,2,10186,5,4,0,1992,2010,2,1
82500,708,4,1,1,1940,0,5330,4,2,0,1950,2009,4,1
147000,1795,8,6,1,2006,3,9986,5,4,0,2007,2007,2,4
55000,796,4,1,1,1922,0,3636,2,3,0,1950,2008,2,1
79000,774,3,1,1,1931,0,4270,5,4,0,2006,2007,2,1
130500,816,5,1,1,1982,1,6600,5,4,0,2008,2008,2,1
256000,2792,6,1,1,1920,2,10440,5,3,1150,1950,2008,2,1
176500,1632,7,1,1,1998,2,9084,4,3,0,1998,2006,4,1
227000,1588,8,1,1,2006,3,10000,5,4,0,2006,2007,4,1
132500,954,5,1,1,1976,2,10780,4,3,0,1976,2006,2,1
100000,816,4,1,1,1938,1,8877,5,3,0,1958,2009,2,1
125500,1360,5,1,1,1938,1,7200,5,4,0,1995,2006,2,1
125000,1365,5,1,4,1970,2,2368,3,3,0,1970,2009,2,1
167900,1334,6,1,1,1977,2,9650,3,3,0,1977,2009,2,1
135000,1656,5,1,3,1973,2,9246,3,3,0,1973,2008,2,1
52500,693,4,1,1,1941,0,4118,2,2,0,1950,2006,2,1
200000,1861,7,1,1,2002,2,13450,5,4,0,2002,2006,2,1
128500,864,5,1,1,1972,1,9560,5,3,0,1972,2006,4,1
123000,872,4,1,1,1971,4,8294,3,3,0,1971,2007,2,1
155000,1114,6,1,1,2003,2,13695,5,4,0,2004,2008,2,1
228500,2169,8,1,1,2002,2,9375,5,4,0,2002,2007,2,1
177000,1913,6,1,1,1928,2,7558,4,3,0,1950,2009,2,1
155835,1456,7,6,1,2006,2,11103,5,4,0,2006,2007,2,4
108500,960,4,1,1,1920,1,6000,4,2,0,1950,2007,4,1
262500,2156,7,1,1,1968,2,20781,3,3,0,2003,2006,4,1
283463,1776,8,6,1,2006,3,15306,5,4,0,2007,2007,2,4
215000,1494,7,1,1,1998,2,16196,5,4,0,1998,2007,2,1
122000,2358,8,1,1,1872,0,5250,2,3,0,1987,2008,2,1
200000,2634,5,1,3,1969,4,11643,3,3,0,1969,2009,2,1
171000,1716,6,1,1,1962,2,9247,5,3,0,1962,2008,2,1
134900,1176,6,1,1,1937,2,6000,3,3,0,2000,2009,2,1
410000,3238,8,1,1,1995,3,14720,5,4,0,1996,2010,4,1
235000,1865,7,1,1,2000,3,10316,5,4,0,2000,2008,2,1
170000,1920,7,1,1,1968,2,10192,4,4,0,1992,2006,2,1
110000,892,5,1,1,1966,1,9477,3,3,0,1966,2008,2,1
149900,1078,5,1,1,1971,2,12537,5,3,0,2008,2010,2,1
177500,1573,6,1,5,2000,2,2117,5,4,0,2000,2010,2,1
315000,1980,9,1,1,2004,3,16737,5,5,0,2005,2006,4,1
189000,2601,5,1,1,1921,2,9842,5,3,0,1998,2008,2,1
260000,1530,7,1,1,2005,2,16158,5,4,0,2005,2009,4,1
104900,1738,4,1,1,1920,1,12513,4,3,0,2007,2009,2,1
156932,1412,6,6,1,2006,2,8499,5,4,0,2007,2007,2,4
144152,1200,7,2,4,2005,2,3180,5,4,0,2005,2006,2,1
216000,1674,7,1,1,2000,2,7500,5,4,0,2000,2010,2,1
193000,1790,7,2,1,1999,2,9179,5,4,0,1999,2008,2,1
127000,1475,5,1,4,1977,1,2665,5,3,0,1977,2006,2,1
144000,848,6,1,4,2003,2,4435,5,4,0,2004,2009,2,1
232000,1668,8,1,1,2003,2,10635,5,4,0,2003,2010,4,1
105000,1374,4,1,1,1920,1,5400,5,3,0,1950,2009,2,1
165500,1661,6,1,1,1955,1,9600,4,4,0,1996,2008,4,1
274300,2097,7,1,1,1998,2,9750,5,4,0,1998,2006,2,1
466500,2633,10,1,1,2001,3,11400,5,5,0,2002,2007,4,1
250000,1958,7,1,1,2005,3,10625,5,4,0,2005,2008,2,1
239000,1571,8,6,1,2007,3,10991,5,4,0,2007,2007,2,4
91000,790,6,1,1,1930,1,6292,3,3,0,1950,2008,2,1
117000,1604,5,1,1,1941,2,10998,5,3,0,1960,2009,2,1
83000,987,6,1,5,1973,1,1953,3,3,0,1973,2006,2,1
167500,1394,5,1,1,2006,2,9735,4,4,0,2007,2008,2,1
58500,864,3,1,1,1914,1,8212,3,3,0,1950,2010,2,1
237500,2117,6,1,1,1970,2,12925,5,3,0,1970,2008,2,1
157000,1762,7,1,1,1920,2,7200,5,4,0,1950,2006,4,1
112000,1416,5,1,1,1918,2,25339,5,4,0,2007,2007,2,1
105000,1258,6,1,1,1939,1,9060,3,3,0,1950,2009,2,1
125500,1154,4,1,1,1922,1,5436,4,4,0,2007,2010,2,1
250000,2784,7,1,1,1978,2,16692,3,4,2000,1978,2006,2,1
136000,2526,6,5,1,1916,1,8520,3,4,0,1950,2007,2,2
377500,1746,9,1,1,2006,3,14892,5,5,0,2007,2009,2,1
131000,1218,6,1,1,1941,2,6000,5,3,0,1950,2007,2,1
235000,1525,7,1,1,2000,2,9100,5,4,0,2000,2006,2,1
124000,1584,5,1,3,1967,3,8944,3,3,0,1967,2009,2,1
123000,900,5,1,1,1967,1,7838,3,3,0,1967,2006,2,1
163000,1912,6,1,2,1905,2,10800,5,3,0,2000,2008,2,1
246578,1500,7,6,4,2006,3,4045,5,4,0,2006,2006,4,4
281213,2482,8,1,1,2005,3,12665,5,4,0,2006,2007,4,1
160000,1687,5,1,1,1948,2,57200,3,3,0,1950,2010,2,1
137500,1513,5,1,1,1920,1,6120,5,3,0,2004,2007,2,1
138000,1904,5,1,1,1950,1,7200,4,3,0,1982,2009,2,1
137450,1608,6,1,1,1925,1,6171,5,4,0,1990,2009,2,1
120000,1158,6,1,1,1929,1,6000,3,3,0,1950,2008,2,1
193000,1593,6,1,1,2004,2,7415,5,3,0,2004,2008,2,1
193879,1294,7,6,1,2006,2,6762,5,4,0,2006,2006,2,4
282922,1464,8,1,1,2007,3,15256,5,4,0,2007,2007,2,1
105000,1214,3,5,1,1915,3,10410,3,3,0,1950,2006,2,1
275000,1646,8,1,4,2004,2,3842,5,4,0,2005,2008,4,1
133000,768,5,1,1,1972,2,8445,3,3,0,2007,2009,2,1
112000,833,5,1,1,1985,0,8780,5,3,0,1985,2009,2,1
125500,1363,4,1,1,1910,2,7740,4,3,0,1950,2010,2,1
215000,2093,7,1,1,1986,2,20544,4,3,0,1991,2008,2,1
230000,1840,7,1,1,2001,2,12420,5,4,0,2001,2009,2,1
140000,1668,6,1,1,1950,1,9600,5,3,0,2005,2009,2,1
90000,1040,4,1,3,1949,2,7200,2,3,0,1950,2009,2,1
257000,1844,8,2,1,2005,2,10994,5,4,0,2006,2009,2,5
207000,1848,6,1,1,1923,2,13053,4,4,0,2000,2008,3,1
175900,1569,7,1,4,2007,3,3635,5,4,0,2007,2009,4,1
122500,2290,4,1,2,1885,2,11340,4,3,0,1950,2010,2,1
340000,2450,8,1,1,1998,3,16545,5,4,0,1998,2009,2,1
124000,1144,5,1,1,1963,1,9204,3,3,0,1963,2008,2,5
223000,1844,6,1,1,1969,2,16381,4,4,0,1969,2006,2,1
179900,1416,6,1,1,1968,2,11700,4,3,0,1968,2006,2,1
127500,1069,6,1,4,1977,2,4043,3,3,0,1977,2010,2,1
136500,848,6,1,4,2003,2,4435,5,4,0,2003,2008,2,1
274970,2201,6,4,1,1966,2,19690,3,4,0,1966,2006,1,1
144000,1344,5,1,1,1958,1,9503,3,3,0,1983,2007,4,1
142000,1252,6,1,1,1959,2,10721,5,4,0,1959,2008,4,1
271000,2127,7,1,1,1994,2,10944,5,4,0,1994,2008,2,1
140000,1558,5,1,1,1945,1,10930,3,3,0,1950,2008,2,1
119000,804,5,2,1,1940,1,7200,3,4,0,1992,2010,2,1
182900,1440,6,1,1,1981,2,12546,5,4,0,1981,2007,2,1
192140,1838,5,1,1,2005,2,21930,5,3,0,2005,2006,2,1
143750,958,6,1,4,1976,2,4928,3,3,0,1976,2009,2,1
64500,968,4,1,1,1927,1,10800,3,3,0,2007,2007,2,1
186500,1792,6,1,1,2000,2,10261,5,3,0,2000,2008,2,1
160000,1126,5,1,1,1977,2,17400,2,3,0,1977,2006,2,1
174000,1537,6,2,1,1962,2,8400,3,4,0,2005,2008,2,5
120500,864,4,1,1,1971,2,9000,3,3,0,1971,2007,2,1
394617,1932,8,6,1,2008,3,12444,5,5,0,2008,2008,4,4
149700,1236,6,1,1,1957,2,7407,3,3,0,1996,2010,2,1
197000,1725,7,1,1,1979,2,11584,3,3,0,1979,2007,4,1
191000,2555,6,1,1,1922,2,11526,2,3,0,1994,2008,2,1
149300,848,6,1,4,2004,2,4426,5,4,0,2004,2008,2,1
310000,2007,10,1,1,2008,3,11003,5,5,0,2008,2009,2,1
121000,952,6,1,1,1916,1,8854,2,2,0,1950,2009,2,1
179600,1422,7,1,1,2004,2,8500,5,4,0,2004,2007,2,1
129000,913,6,1,1,1966,1,8400,4,3,0,1966,2007,2,1
157900,1188,5,1,1,1962,1,26142,3,3,0,1962,2010,2,1
240000,2090,8,1,1,1995,2,10000,5,4,0,1996,2007,2,1
112000,1346,4,1,1,1910,1,11767,4,3,0,2000,2007,2,1
92000,630,5,2,5,1970,0,1533,5,5,0,1970,2006,2,1
136000,1792,5,1,3,1974,0,9000,3,3,0,1974,2009,2,1
287090,1578,8,6,1,2008,3,9262,5,5,0,2009,2009,2,4
145000,1072,5,1,4,2005,2,3675,4,3,0,2005,2006,2,1
84500,1140,5,2,1,2006,0,17217,5,3,0,2006,2006,2,1
185000,1221,7,1,1,2004,2,7500,5,4,0,2005,2009,2,1
175000,1647,6,1,1,1999,2,7917,5,3,0,2000,2007,2,1
210000,2073,6,1,1,1978,2,13175,3,3,0,1988,2010,2,1
266500,2340,7,1,1,1941,1,9042,5,4,2500,2006,2010,2,1
142125,1078,5,1,1,1950,1,9717,4,4,0,1996,2010,4,1
147500,1256,5,1,1,1965,1,9937,4,3,0,1965,2008,2,1
